"Org","Date","Name","ID","File"
"SDA","2020-07-06","Camano Island","CmnI","/Users/giojacuzzi/Desktop/PHI Project Data/SDA/Whidbey Island Comm Noise_Data/SLM Data/Camano Island/SLA01/SLA01001.XLS"
"SDA","2020-07-07","Camano Island","CmnI","/Users/giojacuzzi/Desktop/PHI Project Data/SDA/Whidbey Island Comm Noise_Data/SLM Data/Camano Island/SLA01/SLA01001.XLS"
"SDA","2020-07-07","Camano Island","CmnI","/Users/giojacuzzi/Desktop/PHI Project Data/SDA/Whidbey Island Comm Noise_Data/SLM Data/Camano Island/SLA01/SLA01002.XLS"
"SDA","2020-07-07","Camano Island","CmnI","/Users/giojacuzzi/Desktop/PHI Project Data/SDA/Whidbey Island Comm Noise_Data/SLM Data/Camano Island/SLA01/SLA01003.XLS"
"SDA","2020-07-07","Camano Island","CmnI","/Users/giojacuzzi/Desktop/PHI Project Data/SDA/Whidbey Island Comm Noise_Data/SLM Data/Camano Island/SLA01/SLA01004.XLS"
"SDA","2020-07-08","Camano Island","CmnI","/Users/giojacuzzi/Desktop/PHI Project Data/SDA/Whidbey Island Comm Noise_Data/SLM Data/Camano Island/SLA01/SLA01004.XLS"
"SDA","2020-07-08","Camano Island","CmnI","/Users/giojacuzzi/Desktop/PHI Project Data/SDA/Whidbey Island Comm Noise_Data/SLM Data/Camano Island/SLA01/SLA01005.XLS"
"SDA","2020-07-08","Camano Island","CmnI","/Users/giojacuzzi/Desktop/PHI Project Data/SDA/Whidbey Island Comm Noise_Data/SLM Data/Camano Island/SLA01/SLA01006.XLS"
"SDA","2020-07-08","Camano Island","CmnI","/Users/giojacuzzi/Desktop/PHI Project Data/SDA/Whidbey Island Comm Noise_Data/SLM Data/Camano Island/SLA01/SLA01007.XLS"
"SDA","2020-07-09","Camano Island","CmnI","/Users/giojacuzzi/Desktop/PHI Project Data/SDA/Whidbey Island Comm Noise_Data/SLM Data/Camano Island/SLA01/SLA01007.XLS"
"SDA","2020-07-09","Camano Island","CmnI","/Users/giojacuzzi/Desktop/PHI Project Data/SDA/Whidbey Island Comm Noise_Data/SLM Data/Camano Island/SLA01/SLA01008.XLS"
"SDA","2020-07-09","Camano Island","CmnI","/Users/giojacuzzi/Desktop/PHI Project Data/SDA/Whidbey Island Comm Noise_Data/SLM Data/Camano Island/SLA01/SLA01009.XLS"
"SDA","2020-07-09","Camano Island","CmnI","/Users/giojacuzzi/Desktop/PHI Project Data/SDA/Whidbey Island Comm Noise_Data/SLM Data/Camano Island/SLA01/SLA01010.XLS"
"SDA","2020-07-10","Camano Island","CmnI","/Users/giojacuzzi/Desktop/PHI Project Data/SDA/Whidbey Island Comm Noise_Data/SLM Data/Camano Island/SLA01/SLA01010.XLS"
"SDA","2020-07-10","Camano Island","CmnI","/Users/giojacuzzi/Desktop/PHI Project Data/SDA/Whidbey Island Comm Noise_Data/SLM Data/Camano Island/SLA01/SLA01011.XLS"
"SDA","2020-07-10","Camano Island","CmnI","/Users/giojacuzzi/Desktop/PHI Project Data/SDA/Whidbey Island Comm Noise_Data/SLM Data/Camano Island/SLA01/SLA01012.XLS"
"SDA","2020-07-10","Camano Island","CmnI","/Users/giojacuzzi/Desktop/PHI Project Data/SDA/Whidbey Island Comm Noise_Data/SLM Data/Camano Island/SLA01/SLA01013.XLS"
"SDA","2020-07-11","Camano Island","CmnI","/Users/giojacuzzi/Desktop/PHI Project Data/SDA/Whidbey Island Comm Noise_Data/SLM Data/Camano Island/SLA01/SLA01013.XLS"
"SDA","2020-07-11","Camano Island","CmnI","/Users/giojacuzzi/Desktop/PHI Project Data/SDA/Whidbey Island Comm Noise_Data/SLM Data/Camano Island/SLA01/SLA01014.XLS"
"SDA","2020-07-11","Camano Island","CmnI","/Users/giojacuzzi/Desktop/PHI Project Data/SDA/Whidbey Island Comm Noise_Data/SLM Data/Camano Island/SLA01/SLA01015.XLS"
"SDA","2020-07-11","Camano Island","CmnI","/Users/giojacuzzi/Desktop/PHI Project Data/SDA/Whidbey Island Comm Noise_Data/SLM Data/Camano Island/SLA01/SLA01016.XLS"
"SDA","2020-07-12","Camano Island","CmnI","/Users/giojacuzzi/Desktop/PHI Project Data/SDA/Whidbey Island Comm Noise_Data/SLM Data/Camano Island/SLA01/SLA01016.XLS"
"SDA","2020-07-12","Camano Island","CmnI","/Users/giojacuzzi/Desktop/PHI Project Data/SDA/Whidbey Island Comm Noise_Data/SLM Data/Camano Island/SLA01/SLA01017.XLS"
"SDA","2020-07-12","Camano Island","CmnI","/Users/giojacuzzi/Desktop/PHI Project Data/SDA/Whidbey Island Comm Noise_Data/SLM Data/Camano Island/SLA01/SLA01018.XLS"
"SDA","2020-07-12","Camano Island","CmnI","/Users/giojacuzzi/Desktop/PHI Project Data/SDA/Whidbey Island Comm Noise_Data/SLM Data/Camano Island/SLA01/SLA01019.XLS"
"SDA","2020-07-13","Camano Island","CmnI","/Users/giojacuzzi/Desktop/PHI Project Data/SDA/Whidbey Island Comm Noise_Data/SLM Data/Camano Island/SLA01/SLA01019.XLS"
"SDA","2020-07-13","Camano Island","CmnI","/Users/giojacuzzi/Desktop/PHI Project Data/SDA/Whidbey Island Comm Noise_Data/SLM Data/Camano Island/SLA01/SLA01020.XLS"
"SDA","2020-07-13","Camano Island","CmnI","/Users/giojacuzzi/Desktop/PHI Project Data/SDA/Whidbey Island Comm Noise_Data/SLM Data/Camano Island/SLA01/SLA01021.XLS"
"SDA","2020-07-13","Camano Island","CmnI","/Users/giojacuzzi/Desktop/PHI Project Data/SDA/Whidbey Island Comm Noise_Data/SLM Data/Camano Island/SLA01/SLA01022.XLS"
"SDA","2020-07-14","Camano Island","CmnI","/Users/giojacuzzi/Desktop/PHI Project Data/SDA/Whidbey Island Comm Noise_Data/SLM Data/Camano Island/SLA01/SLA01022.XLS"
"SDA","2020-07-14","Camano Island","CmnI","/Users/giojacuzzi/Desktop/PHI Project Data/SDA/Whidbey Island Comm Noise_Data/SLM Data/Camano Island/SLA01/SLA01023.XLS"
"SDA","2020-07-14","Camano Island","CmnI","/Users/giojacuzzi/Desktop/PHI Project Data/SDA/Whidbey Island Comm Noise_Data/SLM Data/Camano Island/SLA01/SLA01024.XLS"
"SDA","2020-07-15","Camano Island","CmnI","/Users/giojacuzzi/Desktop/PHI Project Data/SDA/Whidbey Island Comm Noise_Data/SLM Data/Camano Island/SLA01/SLA01024.XLS"
"SDA","2020-07-15","Camano Island","CmnI","/Users/giojacuzzi/Desktop/PHI Project Data/SDA/Whidbey Island Comm Noise_Data/SLM Data/Camano Island/SLA01/SLA01025.XLS"
"SDA","2020-07-15","Camano Island","CmnI","/Users/giojacuzzi/Desktop/PHI Project Data/SDA/Whidbey Island Comm Noise_Data/SLM Data/Camano Island/SLA01/SLA01026.XLS"
"SDA","2020-07-15","Camano Island","CmnI","/Users/giojacuzzi/Desktop/PHI Project Data/SDA/Whidbey Island Comm Noise_Data/SLM Data/Camano Island/SLA01/SLA01027.XLS"
"SDA","2020-07-16","Camano Island","CmnI","/Users/giojacuzzi/Desktop/PHI Project Data/SDA/Whidbey Island Comm Noise_Data/SLM Data/Camano Island/SLA01/SLA01027.XLS"
"SDA","2020-07-16","Camano Island","CmnI","/Users/giojacuzzi/Desktop/PHI Project Data/SDA/Whidbey Island Comm Noise_Data/SLM Data/Camano Island/SLA01/SLA01028.XLS"
"SDA","2020-07-16","Camano Island","CmnI","/Users/giojacuzzi/Desktop/PHI Project Data/SDA/Whidbey Island Comm Noise_Data/SLM Data/Camano Island/SLA01/SLA01029.XLS"
"SDA","2020-07-16","Camano Island","CmnI","/Users/giojacuzzi/Desktop/PHI Project Data/SDA/Whidbey Island Comm Noise_Data/SLM Data/Camano Island/SLA01/SLA01030.XLS"
"SDA","2020-07-17","Camano Island","CmnI","/Users/giojacuzzi/Desktop/PHI Project Data/SDA/Whidbey Island Comm Noise_Data/SLM Data/Camano Island/SLA01/SLA01030.XLS"
"SDA","2020-07-17","Camano Island","CmnI","/Users/giojacuzzi/Desktop/PHI Project Data/SDA/Whidbey Island Comm Noise_Data/SLM Data/Camano Island/SLA01/SLA01031.XLS"
"SDA","2020-07-17","Camano Island","CmnI","/Users/giojacuzzi/Desktop/PHI Project Data/SDA/Whidbey Island Comm Noise_Data/SLM Data/Camano Island/SLA01/SLA01032.XLS"
"SDA","2020-07-17","Camano Island","CmnI","/Users/giojacuzzi/Desktop/PHI Project Data/SDA/Whidbey Island Comm Noise_Data/SLM Data/Camano Island/SLA01/SLA01033.XLS"
"SDA","2020-07-18","Camano Island","CmnI","/Users/giojacuzzi/Desktop/PHI Project Data/SDA/Whidbey Island Comm Noise_Data/SLM Data/Camano Island/SLA01/SLA01033.XLS"
"SDA","2020-07-18","Camano Island","CmnI","/Users/giojacuzzi/Desktop/PHI Project Data/SDA/Whidbey Island Comm Noise_Data/SLM Data/Camano Island/SLA01/SLA01034.XLS"
"SDA","2020-07-18","Camano Island","CmnI","/Users/giojacuzzi/Desktop/PHI Project Data/SDA/Whidbey Island Comm Noise_Data/SLM Data/Camano Island/SLA01/SLA01035.XLS"
"SDA","2020-07-18","Camano Island","CmnI","/Users/giojacuzzi/Desktop/PHI Project Data/SDA/Whidbey Island Comm Noise_Data/SLM Data/Camano Island/SLA01/SLA01036.XLS"
"SDA","2020-07-19","Camano Island","CmnI","/Users/giojacuzzi/Desktop/PHI Project Data/SDA/Whidbey Island Comm Noise_Data/SLM Data/Camano Island/SLA01/SLA01036.XLS"
"SDA","2020-07-19","Camano Island","CmnI","/Users/giojacuzzi/Desktop/PHI Project Data/SDA/Whidbey Island Comm Noise_Data/SLM Data/Camano Island/SLA01/SLA01037.XLS"
"SDA","2020-07-19","Camano Island","CmnI","/Users/giojacuzzi/Desktop/PHI Project Data/SDA/Whidbey Island Comm Noise_Data/SLM Data/Camano Island/SLA01/SLA01038.XLS"
"SDA","2020-07-19","Camano Island","CmnI","/Users/giojacuzzi/Desktop/PHI Project Data/SDA/Whidbey Island Comm Noise_Data/SLM Data/Camano Island/SLA01/SLA01039.XLS"
"SDA","2020-07-20","Camano Island","CmnI","/Users/giojacuzzi/Desktop/PHI Project Data/SDA/Whidbey Island Comm Noise_Data/SLM Data/Camano Island/SLA01/SLA01039.XLS"
"SDA","2020-07-20","Camano Island","CmnI","/Users/giojacuzzi/Desktop/PHI Project Data/SDA/Whidbey Island Comm Noise_Data/SLM Data/Camano Island/SLA01/SLA01040.XLS"
"SDA","2020-07-20","Camano Island","CmnI","/Users/giojacuzzi/Desktop/PHI Project Data/SDA/Whidbey Island Comm Noise_Data/SLM Data/Camano Island/SLA01/SLA01041.XLS"
"SDA","2020-07-20","Camano Island","CmnI","/Users/giojacuzzi/Desktop/PHI Project Data/SDA/Whidbey Island Comm Noise_Data/SLM Data/Camano Island/SLA01/SLA01042.XLS"
"SDA","2020-07-21","Camano Island","CmnI","/Users/giojacuzzi/Desktop/PHI Project Data/SDA/Whidbey Island Comm Noise_Data/SLM Data/Camano Island/SLA01/SLA01042.XLS"
"SDA","2020-07-21","Camano Island","CmnI","/Users/giojacuzzi/Desktop/PHI Project Data/SDA/Whidbey Island Comm Noise_Data/SLM Data/Camano Island/SLA01/SLA01043.XLS"
"SDA","2020-07-21","Camano Island","CmnI","/Users/giojacuzzi/Desktop/PHI Project Data/SDA/Whidbey Island Comm Noise_Data/SLM Data/Camano Island/SLA01/SLA01044.XLS"
"SDA","2020-07-21","Camano Island","CmnI","/Users/giojacuzzi/Desktop/PHI Project Data/SDA/Whidbey Island Comm Noise_Data/SLM Data/Camano Island/SLA01/SLA01045.XLS"
"SDA","2020-07-22","Camano Island","CmnI","/Users/giojacuzzi/Desktop/PHI Project Data/SDA/Whidbey Island Comm Noise_Data/SLM Data/Camano Island/SLA01/SLA01045.XLS"
"SDA","2020-07-22","Camano Island","CmnI","/Users/giojacuzzi/Desktop/PHI Project Data/SDA/Whidbey Island Comm Noise_Data/SLM Data/Camano Island/SLA01/SLA01046.XLS"
"SDA","2020-07-22","Camano Island","CmnI","/Users/giojacuzzi/Desktop/PHI Project Data/SDA/Whidbey Island Comm Noise_Data/SLM Data/Camano Island/SLA01/SLA01047.XLS"
"SDA","2020-07-23","Camano Island","CmnI","/Users/giojacuzzi/Desktop/PHI Project Data/SDA/Whidbey Island Comm Noise_Data/SLM Data/Camano Island/SLA01/SLA01047.XLS"
"SDA","2020-07-23","Camano Island","CmnI","/Users/giojacuzzi/Desktop/PHI Project Data/SDA/Whidbey Island Comm Noise_Data/SLM Data/Camano Island/SLA01/SLA01048.XLS"
"SDA","2020-07-23","Camano Island","CmnI","/Users/giojacuzzi/Desktop/PHI Project Data/SDA/Whidbey Island Comm Noise_Data/SLM Data/Camano Island/SLA01/SLA01049.XLS"
"SDA","2020-07-23","Camano Island","CmnI","/Users/giojacuzzi/Desktop/PHI Project Data/SDA/Whidbey Island Comm Noise_Data/SLM Data/Camano Island/SLA01/SLA01050.XLS"
"SDA","2020-07-24","Camano Island","CmnI","/Users/giojacuzzi/Desktop/PHI Project Data/SDA/Whidbey Island Comm Noise_Data/SLM Data/Camano Island/SLA01/SLA01050.XLS"
"SDA","2020-07-24","Camano Island","CmnI","/Users/giojacuzzi/Desktop/PHI Project Data/SDA/Whidbey Island Comm Noise_Data/SLM Data/Camano Island/SLA01/SLA01051.XLS"
"SDA","2020-07-24","Camano Island","CmnI","/Users/giojacuzzi/Desktop/PHI Project Data/SDA/Whidbey Island Comm Noise_Data/SLM Data/Camano Island/SLA01/SLA01052.XLS"
"SDA","2020-07-24","Camano Island","CmnI","/Users/giojacuzzi/Desktop/PHI Project Data/SDA/Whidbey Island Comm Noise_Data/SLM Data/Camano Island/SLA01/SLA01053.XLS"
"SDA","2020-07-25","Camano Island","CmnI","/Users/giojacuzzi/Desktop/PHI Project Data/SDA/Whidbey Island Comm Noise_Data/SLM Data/Camano Island/SLA01/SLA01053.XLS"
"SDA","2020-07-25","Camano Island","CmnI","/Users/giojacuzzi/Desktop/PHI Project Data/SDA/Whidbey Island Comm Noise_Data/SLM Data/Camano Island/SLA01/SLA01054.XLS"
"SDA","2020-07-25","Camano Island","CmnI","/Users/giojacuzzi/Desktop/PHI Project Data/SDA/Whidbey Island Comm Noise_Data/SLM Data/Camano Island/SLA01/SLA01055.XLS"
"SDA","2020-07-25","Camano Island","CmnI","/Users/giojacuzzi/Desktop/PHI Project Data/SDA/Whidbey Island Comm Noise_Data/SLM Data/Camano Island/SLA01/SLA01056.XLS"
"SDA","2020-07-26","Camano Island","CmnI","/Users/giojacuzzi/Desktop/PHI Project Data/SDA/Whidbey Island Comm Noise_Data/SLM Data/Camano Island/SLA01/SLA01056.XLS"
"SDA","2020-07-26","Camano Island","CmnI","/Users/giojacuzzi/Desktop/PHI Project Data/SDA/Whidbey Island Comm Noise_Data/SLM Data/Camano Island/SLA01/SLA01057.XLS"
"SDA","2020-07-26","Camano Island","CmnI","/Users/giojacuzzi/Desktop/PHI Project Data/SDA/Whidbey Island Comm Noise_Data/SLM Data/Camano Island/SLA01/SLA01058.XLS"
"SDA","2020-07-26","Camano Island","CmnI","/Users/giojacuzzi/Desktop/PHI Project Data/SDA/Whidbey Island Comm Noise_Data/SLM Data/Camano Island/SLA01/SLA01059.XLS"
"SDA","2020-07-27","Camano Island","CmnI","/Users/giojacuzzi/Desktop/PHI Project Data/SDA/Whidbey Island Comm Noise_Data/SLM Data/Camano Island/SLA01/SLA01059.XLS"
"SDA","2020-07-27","Camano Island","CmnI","/Users/giojacuzzi/Desktop/PHI Project Data/SDA/Whidbey Island Comm Noise_Data/SLM Data/Camano Island/SLA01/SLA01060.XLS"
"SDA","2020-07-27","Camano Island","CmnI","/Users/giojacuzzi/Desktop/PHI Project Data/SDA/Whidbey Island Comm Noise_Data/SLM Data/Camano Island/SLA01/SLA01061.XLS"
"SDA","2020-07-27","Camano Island","CmnI","/Users/giojacuzzi/Desktop/PHI Project Data/SDA/Whidbey Island Comm Noise_Data/SLM Data/Camano Island/SLA01/SLA01062.XLS"
"SDA","2020-07-28","Camano Island","CmnI","/Users/giojacuzzi/Desktop/PHI Project Data/SDA/Whidbey Island Comm Noise_Data/SLM Data/Camano Island/SLA01/SLA01062.XLS"
"SDA","2020-07-28","Camano Island","CmnI","/Users/giojacuzzi/Desktop/PHI Project Data/SDA/Whidbey Island Comm Noise_Data/SLM Data/Camano Island/SLA01/SLA01063.XLS"
"SDA","2020-07-28","Camano Island","CmnI","/Users/giojacuzzi/Desktop/PHI Project Data/SDA/Whidbey Island Comm Noise_Data/SLM Data/Camano Island/SLA01/SLA01064.XLS"
"SDA","2020-07-28","Camano Island","CmnI","/Users/giojacuzzi/Desktop/PHI Project Data/SDA/Whidbey Island Comm Noise_Data/SLM Data/Camano Island/SLA01/SLA01065.XLS"
"SDA","2020-07-29","Camano Island","CmnI","/Users/giojacuzzi/Desktop/PHI Project Data/SDA/Whidbey Island Comm Noise_Data/SLM Data/Camano Island/SLA01/SLA01065.XLS"
"SDA","2020-07-29","Camano Island","CmnI","/Users/giojacuzzi/Desktop/PHI Project Data/SDA/Whidbey Island Comm Noise_Data/SLM Data/Camano Island/SLA01/SLA01066.XLS"
"SDA","2020-07-29","Camano Island","CmnI","/Users/giojacuzzi/Desktop/PHI Project Data/SDA/Whidbey Island Comm Noise_Data/SLM Data/Camano Island/SLA01/SLA01067.XLS"
"SDA","2020-07-29","Camano Island","CmnI","/Users/giojacuzzi/Desktop/PHI Project Data/SDA/Whidbey Island Comm Noise_Data/SLM Data/Camano Island/SLA01/SLA01068.XLS"
"SDA","2020-07-30","Camano Island","CmnI","/Users/giojacuzzi/Desktop/PHI Project Data/SDA/Whidbey Island Comm Noise_Data/SLM Data/Camano Island/SLA01/SLA01068.XLS"
"SDA","2020-07-30","Camano Island","CmnI","/Users/giojacuzzi/Desktop/PHI Project Data/SDA/Whidbey Island Comm Noise_Data/SLM Data/Camano Island/SLA01/SLA01069.XLS"
"SDA","2020-07-30","Camano Island","CmnI","/Users/giojacuzzi/Desktop/PHI Project Data/SDA/Whidbey Island Comm Noise_Data/SLM Data/Camano Island/SLA01/SLA01070.XLS"
"SDA","2020-07-31","Camano Island","CmnI","/Users/giojacuzzi/Desktop/PHI Project Data/SDA/Whidbey Island Comm Noise_Data/SLM Data/Camano Island/SLA01/SLA01070.XLS"
"SDA","2020-07-31","Camano Island","CmnI","/Users/giojacuzzi/Desktop/PHI Project Data/SDA/Whidbey Island Comm Noise_Data/SLM Data/Camano Island/SLA01/SLA01071.XLS"
"SDA","2020-07-31","Camano Island","CmnI","/Users/giojacuzzi/Desktop/PHI Project Data/SDA/Whidbey Island Comm Noise_Data/SLM Data/Camano Island/SLA01/SLA01072.XLS"
"SDA","2020-07-31","Camano Island","CmnI","/Users/giojacuzzi/Desktop/PHI Project Data/SDA/Whidbey Island Comm Noise_Data/SLM Data/Camano Island/SLA01/SLA01073.XLS"
"SDA","2020-08-01","Camano Island","CmnI","/Users/giojacuzzi/Desktop/PHI Project Data/SDA/Whidbey Island Comm Noise_Data/SLM Data/Camano Island/SLA01/SLA01073.XLS"
"SDA","2020-08-01","Camano Island","CmnI","/Users/giojacuzzi/Desktop/PHI Project Data/SDA/Whidbey Island Comm Noise_Data/SLM Data/Camano Island/SLA01/SLA01074.XLS"
"SDA","2020-08-01","Camano Island","CmnI","/Users/giojacuzzi/Desktop/PHI Project Data/SDA/Whidbey Island Comm Noise_Data/SLM Data/Camano Island/SLA01/SLA01075.XLS"
"SDA","2020-08-01","Camano Island","CmnI","/Users/giojacuzzi/Desktop/PHI Project Data/SDA/Whidbey Island Comm Noise_Data/SLM Data/Camano Island/SLA01/SLA01076.XLS"
"SDA","2020-08-02","Camano Island","CmnI","/Users/giojacuzzi/Desktop/PHI Project Data/SDA/Whidbey Island Comm Noise_Data/SLM Data/Camano Island/SLA01/SLA01076.XLS"
"SDA","2020-08-02","Camano Island","CmnI","/Users/giojacuzzi/Desktop/PHI Project Data/SDA/Whidbey Island Comm Noise_Data/SLM Data/Camano Island/SLA01/SLA01077.XLS"
"SDA","2020-08-02","Camano Island","CmnI","/Users/giojacuzzi/Desktop/PHI Project Data/SDA/Whidbey Island Comm Noise_Data/SLM Data/Camano Island/SLA01/SLA01078.XLS"
"SDA","2020-08-02","Camano Island","CmnI","/Users/giojacuzzi/Desktop/PHI Project Data/SDA/Whidbey Island Comm Noise_Data/SLM Data/Camano Island/SLA01/SLA01079.XLS"
"SDA","2020-08-03","Camano Island","CmnI","/Users/giojacuzzi/Desktop/PHI Project Data/SDA/Whidbey Island Comm Noise_Data/SLM Data/Camano Island/SLA01/SLA01079.XLS"
"SDA","2020-08-03","Camano Island","CmnI","/Users/giojacuzzi/Desktop/PHI Project Data/SDA/Whidbey Island Comm Noise_Data/SLM Data/Camano Island/SLA01/SLA01080.XLS"
"SDA","2020-08-03","Camano Island","CmnI","/Users/giojacuzzi/Desktop/PHI Project Data/SDA/Whidbey Island Comm Noise_Data/SLM Data/Camano Island/SLA01/SLA01081.XLS"
"SDA","2020-08-03","Camano Island","CmnI","/Users/giojacuzzi/Desktop/PHI Project Data/SDA/Whidbey Island Comm Noise_Data/SLM Data/Camano Island/SLA01/SLA01082.XLS"
"SDA","2020-08-04","Camano Island","CmnI","/Users/giojacuzzi/Desktop/PHI Project Data/SDA/Whidbey Island Comm Noise_Data/SLM Data/Camano Island/SLA01/SLA01082.XLS"
"SDA","2020-08-04","Camano Island","CmnI","/Users/giojacuzzi/Desktop/PHI Project Data/SDA/Whidbey Island Comm Noise_Data/SLM Data/Camano Island/SLA01/SLA01083.XLS"
"SDA","2020-08-04","Camano Island","CmnI","/Users/giojacuzzi/Desktop/PHI Project Data/SDA/Whidbey Island Comm Noise_Data/SLM Data/Camano Island/SLA01/SLA01084.XLS"
"SDA","2020-08-04","Camano Island","CmnI","/Users/giojacuzzi/Desktop/PHI Project Data/SDA/Whidbey Island Comm Noise_Data/SLM Data/Camano Island/SLA01/SLA01085.XLS"
"SDA","2020-08-05","Camano Island","CmnI","/Users/giojacuzzi/Desktop/PHI Project Data/SDA/Whidbey Island Comm Noise_Data/SLM Data/Camano Island/SLA01/SLA01085.XLS"
"SDA","2020-08-05","Camano Island","CmnI","/Users/giojacuzzi/Desktop/PHI Project Data/SDA/Whidbey Island Comm Noise_Data/SLM Data/Camano Island/SLA01/SLA01086.XLS"
"SDA","2020-08-05","Camano Island","CmnI","/Users/giojacuzzi/Desktop/PHI Project Data/SDA/Whidbey Island Comm Noise_Data/SLM Data/Camano Island/SLA01/SLA01087.XLS"
"SDA","2020-08-05","Camano Island","CmnI","/Users/giojacuzzi/Desktop/PHI Project Data/SDA/Whidbey Island Comm Noise_Data/SLM Data/Camano Island/SLA01/SLA01088.XLS"
"SDA","2020-08-06","Camano Island","CmnI","/Users/giojacuzzi/Desktop/PHI Project Data/SDA/Whidbey Island Comm Noise_Data/SLM Data/Camano Island/SLA01/SLA01088.XLS"
"SDA","2020-08-06","Camano Island","CmnI","/Users/giojacuzzi/Desktop/PHI Project Data/SDA/Whidbey Island Comm Noise_Data/SLM Data/Camano Island/SLA01/SLA01089.XLS"
"SDA","2020-08-06","Camano Island","CmnI","/Users/giojacuzzi/Desktop/PHI Project Data/SDA/Whidbey Island Comm Noise_Data/SLM Data/Camano Island/SLA01/SLA01090.XLS"
"SDA","2020-08-06","Camano Island","CmnI","/Users/giojacuzzi/Desktop/PHI Project Data/SDA/Whidbey Island Comm Noise_Data/SLM Data/Camano Island/SLA01/SLA01091.XLS"
"SDA","2020-08-07","Camano Island","CmnI","/Users/giojacuzzi/Desktop/PHI Project Data/SDA/Whidbey Island Comm Noise_Data/SLM Data/Camano Island/SLA01/SLA01091.XLS"
"SDA","2020-08-07","Camano Island","CmnI","/Users/giojacuzzi/Desktop/PHI Project Data/SDA/Whidbey Island Comm Noise_Data/SLM Data/Camano Island/SLA01/SLA01092.XLS"
"SDA","2020-08-07","Camano Island","CmnI","/Users/giojacuzzi/Desktop/PHI Project Data/SDA/Whidbey Island Comm Noise_Data/SLM Data/Camano Island/SLA01/SLA01093.XLS"
"SDA","2020-08-07","Camano Island","CmnI","/Users/giojacuzzi/Desktop/PHI Project Data/SDA/Whidbey Island Comm Noise_Data/SLM Data/Camano Island/SLA01/SLA01094.XLS"
"SDA","2020-08-08","Camano Island","CmnI","/Users/giojacuzzi/Desktop/PHI Project Data/SDA/Whidbey Island Comm Noise_Data/SLM Data/Camano Island/SLA01/SLA01094.XLS"
"SDA","2020-08-08","Camano Island","CmnI","/Users/giojacuzzi/Desktop/PHI Project Data/SDA/Whidbey Island Comm Noise_Data/SLM Data/Camano Island/SLA01/SLA01095.XLS"
"SDA","2020-08-08","Camano Island","CmnI","/Users/giojacuzzi/Desktop/PHI Project Data/SDA/Whidbey Island Comm Noise_Data/SLM Data/Camano Island/SLA01/SLA01096.XLS"
"SDA","2020-08-09","Camano Island","CmnI","/Users/giojacuzzi/Desktop/PHI Project Data/SDA/Whidbey Island Comm Noise_Data/SLM Data/Camano Island/SLA01/SLA01096.XLS"
"SDA","2020-08-09","Camano Island","CmnI","/Users/giojacuzzi/Desktop/PHI Project Data/SDA/Whidbey Island Comm Noise_Data/SLM Data/Camano Island/SLA01/SLA01097.XLS"
"SDA","2020-08-09","Camano Island","CmnI","/Users/giojacuzzi/Desktop/PHI Project Data/SDA/Whidbey Island Comm Noise_Data/SLM Data/Camano Island/SLA01/SLA01098.XLS"
"SDA","2020-08-09","Camano Island","CmnI","/Users/giojacuzzi/Desktop/PHI Project Data/SDA/Whidbey Island Comm Noise_Data/SLM Data/Camano Island/SLA02/SLA02001.XLS"
"SDA","2020-08-10","Camano Island","CmnI","/Users/giojacuzzi/Desktop/PHI Project Data/SDA/Whidbey Island Comm Noise_Data/SLM Data/Camano Island/SLA02/SLA02001.XLS"
"SDA","2020-08-10","Camano Island","CmnI","/Users/giojacuzzi/Desktop/PHI Project Data/SDA/Whidbey Island Comm Noise_Data/SLM Data/Camano Island/SLA02/SLA02002.XLS"
"SDA","2020-08-10","Camano Island","CmnI","/Users/giojacuzzi/Desktop/PHI Project Data/SDA/Whidbey Island Comm Noise_Data/SLM Data/Camano Island/SLA02/SLA02003.XLS"
"SDA","2020-08-10","Camano Island","CmnI","/Users/giojacuzzi/Desktop/PHI Project Data/SDA/Whidbey Island Comm Noise_Data/SLM Data/Camano Island/SLA02/SLA02004.XLS"
"SDA","2020-08-11","Camano Island","CmnI","/Users/giojacuzzi/Desktop/PHI Project Data/SDA/Whidbey Island Comm Noise_Data/SLM Data/Camano Island/SLA02/SLA02004.XLS"
"SDA","2020-08-11","Camano Island","CmnI","/Users/giojacuzzi/Desktop/PHI Project Data/SDA/Whidbey Island Comm Noise_Data/SLM Data/Camano Island/SLA02/SLA02005.XLS"
"SDA","2020-07-06","Kineth Point","KntP","/Users/giojacuzzi/Desktop/PHI Project Data/SDA/Whidbey Island Comm Noise_Data/SLM Data/Kineth Point/493829_06JULY-26JULY/SLA01001.XLS"
"SDA","2020-07-06","Kineth Point","KntP","/Users/giojacuzzi/Desktop/PHI Project Data/SDA/Whidbey Island Comm Noise_Data/SLM Data/Kineth Point/493829_06JULY-26JULY/SLA01002.XLS"
"SDA","2020-07-07","Kineth Point","KntP","/Users/giojacuzzi/Desktop/PHI Project Data/SDA/Whidbey Island Comm Noise_Data/SLM Data/Kineth Point/493829_06JULY-26JULY/SLA01002.XLS"
"SDA","2020-07-07","Kineth Point","KntP","/Users/giojacuzzi/Desktop/PHI Project Data/SDA/Whidbey Island Comm Noise_Data/SLM Data/Kineth Point/493829_06JULY-26JULY/SLA01003.XLS"
"SDA","2020-07-07","Kineth Point","KntP","/Users/giojacuzzi/Desktop/PHI Project Data/SDA/Whidbey Island Comm Noise_Data/SLM Data/Kineth Point/493829_06JULY-26JULY/SLA01004.XLS"
"SDA","2020-07-07","Kineth Point","KntP","/Users/giojacuzzi/Desktop/PHI Project Data/SDA/Whidbey Island Comm Noise_Data/SLM Data/Kineth Point/493829_06JULY-26JULY/SLA01005.XLS"
"SDA","2020-07-08","Kineth Point","KntP","/Users/giojacuzzi/Desktop/PHI Project Data/SDA/Whidbey Island Comm Noise_Data/SLM Data/Kineth Point/493829_06JULY-26JULY/SLA01005.XLS"
"SDA","2020-07-08","Kineth Point","KntP","/Users/giojacuzzi/Desktop/PHI Project Data/SDA/Whidbey Island Comm Noise_Data/SLM Data/Kineth Point/493829_06JULY-26JULY/SLA01006.XLS"
"SDA","2020-07-08","Kineth Point","KntP","/Users/giojacuzzi/Desktop/PHI Project Data/SDA/Whidbey Island Comm Noise_Data/SLM Data/Kineth Point/493829_06JULY-26JULY/SLA01007.XLS"
"SDA","2020-07-09","Kineth Point","KntP","/Users/giojacuzzi/Desktop/PHI Project Data/SDA/Whidbey Island Comm Noise_Data/SLM Data/Kineth Point/493829_06JULY-26JULY/SLA01007.XLS"
"SDA","2020-07-09","Kineth Point","KntP","/Users/giojacuzzi/Desktop/PHI Project Data/SDA/Whidbey Island Comm Noise_Data/SLM Data/Kineth Point/493829_06JULY-26JULY/SLA01008.XLS"
"SDA","2020-07-09","Kineth Point","KntP","/Users/giojacuzzi/Desktop/PHI Project Data/SDA/Whidbey Island Comm Noise_Data/SLM Data/Kineth Point/493829_06JULY-26JULY/SLA01009.XLS"
"SDA","2020-07-09","Kineth Point","KntP","/Users/giojacuzzi/Desktop/PHI Project Data/SDA/Whidbey Island Comm Noise_Data/SLM Data/Kineth Point/493829_06JULY-26JULY/SLA01010.XLS"
"SDA","2020-07-10","Kineth Point","KntP","/Users/giojacuzzi/Desktop/PHI Project Data/SDA/Whidbey Island Comm Noise_Data/SLM Data/Kineth Point/493829_06JULY-26JULY/SLA01010.XLS"
"SDA","2020-07-10","Kineth Point","KntP","/Users/giojacuzzi/Desktop/PHI Project Data/SDA/Whidbey Island Comm Noise_Data/SLM Data/Kineth Point/493829_06JULY-26JULY/SLA01011.XLS"
"SDA","2020-07-10","Kineth Point","KntP","/Users/giojacuzzi/Desktop/PHI Project Data/SDA/Whidbey Island Comm Noise_Data/SLM Data/Kineth Point/493829_06JULY-26JULY/SLA01012.XLS"
"SDA","2020-07-10","Kineth Point","KntP","/Users/giojacuzzi/Desktop/PHI Project Data/SDA/Whidbey Island Comm Noise_Data/SLM Data/Kineth Point/493829_06JULY-26JULY/SLA01013.XLS"
"SDA","2020-07-11","Kineth Point","KntP","/Users/giojacuzzi/Desktop/PHI Project Data/SDA/Whidbey Island Comm Noise_Data/SLM Data/Kineth Point/493829_06JULY-26JULY/SLA01013.XLS"
"SDA","2020-07-11","Kineth Point","KntP","/Users/giojacuzzi/Desktop/PHI Project Data/SDA/Whidbey Island Comm Noise_Data/SLM Data/Kineth Point/493829_06JULY-26JULY/SLA01014.XLS"
"SDA","2020-07-11","Kineth Point","KntP","/Users/giojacuzzi/Desktop/PHI Project Data/SDA/Whidbey Island Comm Noise_Data/SLM Data/Kineth Point/493829_06JULY-26JULY/SLA01015.XLS"
"SDA","2020-07-11","Kineth Point","KntP","/Users/giojacuzzi/Desktop/PHI Project Data/SDA/Whidbey Island Comm Noise_Data/SLM Data/Kineth Point/493829_06JULY-26JULY/SLA01016.XLS"
"SDA","2020-07-12","Kineth Point","KntP","/Users/giojacuzzi/Desktop/PHI Project Data/SDA/Whidbey Island Comm Noise_Data/SLM Data/Kineth Point/493829_06JULY-26JULY/SLA01016.XLS"
"SDA","2020-07-12","Kineth Point","KntP","/Users/giojacuzzi/Desktop/PHI Project Data/SDA/Whidbey Island Comm Noise_Data/SLM Data/Kineth Point/493829_06JULY-26JULY/SLA01017.XLS"
"SDA","2020-07-12","Kineth Point","KntP","/Users/giojacuzzi/Desktop/PHI Project Data/SDA/Whidbey Island Comm Noise_Data/SLM Data/Kineth Point/493829_06JULY-26JULY/SLA01018.XLS"
"SDA","2020-07-12","Kineth Point","KntP","/Users/giojacuzzi/Desktop/PHI Project Data/SDA/Whidbey Island Comm Noise_Data/SLM Data/Kineth Point/493829_06JULY-26JULY/SLA01019.XLS"
"SDA","2020-07-13","Kineth Point","KntP","/Users/giojacuzzi/Desktop/PHI Project Data/SDA/Whidbey Island Comm Noise_Data/SLM Data/Kineth Point/493829_06JULY-26JULY/SLA01019.XLS"
"SDA","2020-07-13","Kineth Point","KntP","/Users/giojacuzzi/Desktop/PHI Project Data/SDA/Whidbey Island Comm Noise_Data/SLM Data/Kineth Point/493829_06JULY-26JULY/SLA01020.XLS"
"SDA","2020-07-13","Kineth Point","KntP","/Users/giojacuzzi/Desktop/PHI Project Data/SDA/Whidbey Island Comm Noise_Data/SLM Data/Kineth Point/493829_06JULY-26JULY/SLA01021.XLS"
"SDA","2020-07-13","Kineth Point","KntP","/Users/giojacuzzi/Desktop/PHI Project Data/SDA/Whidbey Island Comm Noise_Data/SLM Data/Kineth Point/493829_06JULY-26JULY/SLA01022.XLS"
"SDA","2020-07-14","Kineth Point","KntP","/Users/giojacuzzi/Desktop/PHI Project Data/SDA/Whidbey Island Comm Noise_Data/SLM Data/Kineth Point/493829_06JULY-26JULY/SLA01022.XLS"
"SDA","2020-07-14","Kineth Point","KntP","/Users/giojacuzzi/Desktop/PHI Project Data/SDA/Whidbey Island Comm Noise_Data/SLM Data/Kineth Point/493829_06JULY-26JULY/SLA01023.XLS"
"SDA","2020-07-14","Kineth Point","KntP","/Users/giojacuzzi/Desktop/PHI Project Data/SDA/Whidbey Island Comm Noise_Data/SLM Data/Kineth Point/493829_06JULY-26JULY/SLA01024.XLS"
"SDA","2020-07-14","Kineth Point","KntP","/Users/giojacuzzi/Desktop/PHI Project Data/SDA/Whidbey Island Comm Noise_Data/SLM Data/Kineth Point/493829_06JULY-26JULY/SLA01025.XLS"
"SDA","2020-07-15","Kineth Point","KntP","/Users/giojacuzzi/Desktop/PHI Project Data/SDA/Whidbey Island Comm Noise_Data/SLM Data/Kineth Point/493829_06JULY-26JULY/SLA01025.XLS"
"SDA","2020-07-15","Kineth Point","KntP","/Users/giojacuzzi/Desktop/PHI Project Data/SDA/Whidbey Island Comm Noise_Data/SLM Data/Kineth Point/493829_06JULY-26JULY/SLA01026.XLS"
"SDA","2020-07-15","Kineth Point","KntP","/Users/giojacuzzi/Desktop/PHI Project Data/SDA/Whidbey Island Comm Noise_Data/SLM Data/Kineth Point/493829_06JULY-26JULY/SLA01027.XLS"
"SDA","2020-07-15","Kineth Point","KntP","/Users/giojacuzzi/Desktop/PHI Project Data/SDA/Whidbey Island Comm Noise_Data/SLM Data/Kineth Point/493829_06JULY-26JULY/SLA01028.XLS"
"SDA","2020-07-16","Kineth Point","KntP","/Users/giojacuzzi/Desktop/PHI Project Data/SDA/Whidbey Island Comm Noise_Data/SLM Data/Kineth Point/493829_06JULY-26JULY/SLA01028.XLS"
"SDA","2020-07-16","Kineth Point","KntP","/Users/giojacuzzi/Desktop/PHI Project Data/SDA/Whidbey Island Comm Noise_Data/SLM Data/Kineth Point/493829_06JULY-26JULY/SLA01029.XLS"
"SDA","2020-07-16","Kineth Point","KntP","/Users/giojacuzzi/Desktop/PHI Project Data/SDA/Whidbey Island Comm Noise_Data/SLM Data/Kineth Point/493829_06JULY-26JULY/SLA01030.XLS"
"SDA","2020-07-17","Kineth Point","KntP","/Users/giojacuzzi/Desktop/PHI Project Data/SDA/Whidbey Island Comm Noise_Data/SLM Data/Kineth Point/493829_06JULY-26JULY/SLA01030.XLS"
"SDA","2020-07-17","Kineth Point","KntP","/Users/giojacuzzi/Desktop/PHI Project Data/SDA/Whidbey Island Comm Noise_Data/SLM Data/Kineth Point/493829_06JULY-26JULY/SLA01031.XLS"
"SDA","2020-07-17","Kineth Point","KntP","/Users/giojacuzzi/Desktop/PHI Project Data/SDA/Whidbey Island Comm Noise_Data/SLM Data/Kineth Point/493829_06JULY-26JULY/SLA01032.XLS"
"SDA","2020-07-17","Kineth Point","KntP","/Users/giojacuzzi/Desktop/PHI Project Data/SDA/Whidbey Island Comm Noise_Data/SLM Data/Kineth Point/493829_06JULY-26JULY/SLA01033.XLS"
"SDA","2020-07-18","Kineth Point","KntP","/Users/giojacuzzi/Desktop/PHI Project Data/SDA/Whidbey Island Comm Noise_Data/SLM Data/Kineth Point/493829_06JULY-26JULY/SLA01033.XLS"
"SDA","2020-07-18","Kineth Point","KntP","/Users/giojacuzzi/Desktop/PHI Project Data/SDA/Whidbey Island Comm Noise_Data/SLM Data/Kineth Point/493829_06JULY-26JULY/SLA01034.XLS"
"SDA","2020-07-18","Kineth Point","KntP","/Users/giojacuzzi/Desktop/PHI Project Data/SDA/Whidbey Island Comm Noise_Data/SLM Data/Kineth Point/493829_06JULY-26JULY/SLA01035.XLS"
"SDA","2020-07-18","Kineth Point","KntP","/Users/giojacuzzi/Desktop/PHI Project Data/SDA/Whidbey Island Comm Noise_Data/SLM Data/Kineth Point/493829_06JULY-26JULY/SLA01036.XLS"
"SDA","2020-07-19","Kineth Point","KntP","/Users/giojacuzzi/Desktop/PHI Project Data/SDA/Whidbey Island Comm Noise_Data/SLM Data/Kineth Point/493829_06JULY-26JULY/SLA01036.XLS"
"SDA","2020-07-19","Kineth Point","KntP","/Users/giojacuzzi/Desktop/PHI Project Data/SDA/Whidbey Island Comm Noise_Data/SLM Data/Kineth Point/493829_06JULY-26JULY/SLA01037.XLS"
"SDA","2020-07-19","Kineth Point","KntP","/Users/giojacuzzi/Desktop/PHI Project Data/SDA/Whidbey Island Comm Noise_Data/SLM Data/Kineth Point/493829_06JULY-26JULY/SLA01038.XLS"
"SDA","2020-07-19","Kineth Point","KntP","/Users/giojacuzzi/Desktop/PHI Project Data/SDA/Whidbey Island Comm Noise_Data/SLM Data/Kineth Point/493829_06JULY-26JULY/SLA01039.XLS"
"SDA","2020-07-20","Kineth Point","KntP","/Users/giojacuzzi/Desktop/PHI Project Data/SDA/Whidbey Island Comm Noise_Data/SLM Data/Kineth Point/493829_06JULY-26JULY/SLA01039.XLS"
"SDA","2020-07-20","Kineth Point","KntP","/Users/giojacuzzi/Desktop/PHI Project Data/SDA/Whidbey Island Comm Noise_Data/SLM Data/Kineth Point/493829_06JULY-26JULY/SLA01040.XLS"
"SDA","2020-07-20","Kineth Point","KntP","/Users/giojacuzzi/Desktop/PHI Project Data/SDA/Whidbey Island Comm Noise_Data/SLM Data/Kineth Point/493829_06JULY-26JULY/SLA01041.XLS"
"SDA","2020-07-20","Kineth Point","KntP","/Users/giojacuzzi/Desktop/PHI Project Data/SDA/Whidbey Island Comm Noise_Data/SLM Data/Kineth Point/493829_06JULY-26JULY/SLA01042.XLS"
"SDA","2020-07-21","Kineth Point","KntP","/Users/giojacuzzi/Desktop/PHI Project Data/SDA/Whidbey Island Comm Noise_Data/SLM Data/Kineth Point/493829_06JULY-26JULY/SLA01042.XLS"
"SDA","2020-07-21","Kineth Point","KntP","/Users/giojacuzzi/Desktop/PHI Project Data/SDA/Whidbey Island Comm Noise_Data/SLM Data/Kineth Point/493829_06JULY-26JULY/SLA01043.XLS"
"SDA","2020-07-21","Kineth Point","KntP","/Users/giojacuzzi/Desktop/PHI Project Data/SDA/Whidbey Island Comm Noise_Data/SLM Data/Kineth Point/493829_06JULY-26JULY/SLA01044.XLS"
"SDA","2020-07-21","Kineth Point","KntP","/Users/giojacuzzi/Desktop/PHI Project Data/SDA/Whidbey Island Comm Noise_Data/SLM Data/Kineth Point/493829_06JULY-26JULY/SLA01045.XLS"
"SDA","2020-07-22","Kineth Point","KntP","/Users/giojacuzzi/Desktop/PHI Project Data/SDA/Whidbey Island Comm Noise_Data/SLM Data/Kineth Point/493829_06JULY-26JULY/SLA01045.XLS"
"SDA","2020-07-22","Kineth Point","KntP","/Users/giojacuzzi/Desktop/PHI Project Data/SDA/Whidbey Island Comm Noise_Data/SLM Data/Kineth Point/493829_06JULY-26JULY/SLA01046.XLS"
"SDA","2020-07-22","Kineth Point","KntP","/Users/giojacuzzi/Desktop/PHI Project Data/SDA/Whidbey Island Comm Noise_Data/SLM Data/Kineth Point/493829_06JULY-26JULY/SLA01047.XLS"
"SDA","2020-07-22","Kineth Point","KntP","/Users/giojacuzzi/Desktop/PHI Project Data/SDA/Whidbey Island Comm Noise_Data/SLM Data/Kineth Point/493829_06JULY-26JULY/SLA01048.XLS"
"SDA","2020-07-23","Kineth Point","KntP","/Users/giojacuzzi/Desktop/PHI Project Data/SDA/Whidbey Island Comm Noise_Data/SLM Data/Kineth Point/493829_06JULY-26JULY/SLA01048.XLS"
"SDA","2020-07-23","Kineth Point","KntP","/Users/giojacuzzi/Desktop/PHI Project Data/SDA/Whidbey Island Comm Noise_Data/SLM Data/Kineth Point/493829_06JULY-26JULY/SLA01049.XLS"
"SDA","2020-07-23","Kineth Point","KntP","/Users/giojacuzzi/Desktop/PHI Project Data/SDA/Whidbey Island Comm Noise_Data/SLM Data/Kineth Point/493829_06JULY-26JULY/SLA01050.XLS"
"SDA","2020-07-23","Kineth Point","KntP","/Users/giojacuzzi/Desktop/PHI Project Data/SDA/Whidbey Island Comm Noise_Data/SLM Data/Kineth Point/493829_06JULY-26JULY/SLA01051.XLS"
"SDA","2020-07-24","Kineth Point","KntP","/Users/giojacuzzi/Desktop/PHI Project Data/SDA/Whidbey Island Comm Noise_Data/SLM Data/Kineth Point/493829_06JULY-26JULY/SLA01051.XLS"
"SDA","2020-07-24","Kineth Point","KntP","/Users/giojacuzzi/Desktop/PHI Project Data/SDA/Whidbey Island Comm Noise_Data/SLM Data/Kineth Point/493829_06JULY-26JULY/SLA01052.XLS"
"SDA","2020-07-24","Kineth Point","KntP","/Users/giojacuzzi/Desktop/PHI Project Data/SDA/Whidbey Island Comm Noise_Data/SLM Data/Kineth Point/493829_06JULY-26JULY/SLA01053.XLS"
"SDA","2020-07-25","Kineth Point","KntP","/Users/giojacuzzi/Desktop/PHI Project Data/SDA/Whidbey Island Comm Noise_Data/SLM Data/Kineth Point/493829_06JULY-26JULY/SLA01053.XLS"
"SDA","2020-07-25","Kineth Point","KntP","/Users/giojacuzzi/Desktop/PHI Project Data/SDA/Whidbey Island Comm Noise_Data/SLM Data/Kineth Point/493829_06JULY-26JULY/SLA01054.XLS"
"SDA","2020-07-25","Kineth Point","KntP","/Users/giojacuzzi/Desktop/PHI Project Data/SDA/Whidbey Island Comm Noise_Data/SLM Data/Kineth Point/493829_06JULY-26JULY/SLA01055.XLS"
"SDA","2020-07-25","Kineth Point","KntP","/Users/giojacuzzi/Desktop/PHI Project Data/SDA/Whidbey Island Comm Noise_Data/SLM Data/Kineth Point/493829_06JULY-26JULY/SLA01056.XLS"
"SDA","2020-07-26","Kineth Point","KntP","/Users/giojacuzzi/Desktop/PHI Project Data/SDA/Whidbey Island Comm Noise_Data/SLM Data/Kineth Point/493829_06JULY-26JULY/SLA01056.XLS"
"SDA","2020-07-26","Kineth Point","KntP","/Users/giojacuzzi/Desktop/PHI Project Data/SDA/Whidbey Island Comm Noise_Data/SLM Data/Kineth Point/493829_06JULY-26JULY/SLA01057.XLS"
"SDA","2020-07-26","Kineth Point","KntP","/Users/giojacuzzi/Desktop/PHI Project Data/SDA/Whidbey Island Comm Noise_Data/SLM Data/Kineth Point/493829_06JULY-26JULY/SLA01058.XLS"
"SDA","2000-01-01","Ledgewood","Ldgw","/Users/giojacuzzi/Desktop/PHI Project Data/SDA/Whidbey Island Comm Noise_Data/SLM Data/Ledgewood/505546_06JULY-26JULY_Ledgewood/SLA01005.XLS"
"SDA","2020-07-06","Ledgewood","Ldgw","/Users/giojacuzzi/Desktop/PHI Project Data/SDA/Whidbey Island Comm Noise_Data/SLM Data/Ledgewood/505546_06JULY-26JULY_Ledgewood/SLA01005.XLS"
"SDA","2020-07-06","Ledgewood","Ldgw","/Users/giojacuzzi/Desktop/PHI Project Data/SDA/Whidbey Island Comm Noise_Data/SLM Data/Ledgewood/505546_06JULY-26JULY_Ledgewood/SLA01006.XLS"
"SDA","2020-07-07","Ledgewood","Ldgw","/Users/giojacuzzi/Desktop/PHI Project Data/SDA/Whidbey Island Comm Noise_Data/SLM Data/Ledgewood/505546_06JULY-26JULY_Ledgewood/SLA01006.XLS"
"SDA","2020-07-07","Ledgewood","Ldgw","/Users/giojacuzzi/Desktop/PHI Project Data/SDA/Whidbey Island Comm Noise_Data/SLM Data/Ledgewood/505546_06JULY-26JULY_Ledgewood/SLA01007.XLS"
"SDA","2020-07-07","Ledgewood","Ldgw","/Users/giojacuzzi/Desktop/PHI Project Data/SDA/Whidbey Island Comm Noise_Data/SLM Data/Ledgewood/505546_06JULY-26JULY_Ledgewood/SLA01008.XLS"
"SDA","2020-07-07","Ledgewood","Ldgw","/Users/giojacuzzi/Desktop/PHI Project Data/SDA/Whidbey Island Comm Noise_Data/SLM Data/Ledgewood/505546_06JULY-26JULY_Ledgewood/SLA01009.XLS"
"SDA","2020-07-08","Ledgewood","Ldgw","/Users/giojacuzzi/Desktop/PHI Project Data/SDA/Whidbey Island Comm Noise_Data/SLM Data/Ledgewood/505546_06JULY-26JULY_Ledgewood/SLA01009.XLS"
"SDA","2020-07-08","Ledgewood","Ldgw","/Users/giojacuzzi/Desktop/PHI Project Data/SDA/Whidbey Island Comm Noise_Data/SLM Data/Ledgewood/505546_06JULY-26JULY_Ledgewood/SLA01010.XLS"
"SDA","2020-07-08","Ledgewood","Ldgw","/Users/giojacuzzi/Desktop/PHI Project Data/SDA/Whidbey Island Comm Noise_Data/SLM Data/Ledgewood/505546_06JULY-26JULY_Ledgewood/SLA01011.XLS"
"SDA","2020-07-08","Ledgewood","Ldgw","/Users/giojacuzzi/Desktop/PHI Project Data/SDA/Whidbey Island Comm Noise_Data/SLM Data/Ledgewood/505546_06JULY-26JULY_Ledgewood/SLA01012.XLS"
"SDA","2020-07-09","Ledgewood","Ldgw","/Users/giojacuzzi/Desktop/PHI Project Data/SDA/Whidbey Island Comm Noise_Data/SLM Data/Ledgewood/505546_06JULY-26JULY_Ledgewood/SLA01012.XLS"
"SDA","2020-07-09","Ledgewood","Ldgw","/Users/giojacuzzi/Desktop/PHI Project Data/SDA/Whidbey Island Comm Noise_Data/SLM Data/Ledgewood/505546_06JULY-26JULY_Ledgewood/SLA01013.XLS"
"SDA","2020-07-09","Ledgewood","Ldgw","/Users/giojacuzzi/Desktop/PHI Project Data/SDA/Whidbey Island Comm Noise_Data/SLM Data/Ledgewood/505546_06JULY-26JULY_Ledgewood/SLA01014.XLS"
"SDA","2020-07-09","Ledgewood","Ldgw","/Users/giojacuzzi/Desktop/PHI Project Data/SDA/Whidbey Island Comm Noise_Data/SLM Data/Ledgewood/505546_06JULY-26JULY_Ledgewood/SLA01015.XLS"
"SDA","2020-07-10","Ledgewood","Ldgw","/Users/giojacuzzi/Desktop/PHI Project Data/SDA/Whidbey Island Comm Noise_Data/SLM Data/Ledgewood/505546_06JULY-26JULY_Ledgewood/SLA01015.XLS"
"SDA","2020-07-10","Ledgewood","Ldgw","/Users/giojacuzzi/Desktop/PHI Project Data/SDA/Whidbey Island Comm Noise_Data/SLM Data/Ledgewood/505546_06JULY-26JULY_Ledgewood/SLA01016.XLS"
"SDA","2020-07-10","Ledgewood","Ldgw","/Users/giojacuzzi/Desktop/PHI Project Data/SDA/Whidbey Island Comm Noise_Data/SLM Data/Ledgewood/505546_06JULY-26JULY_Ledgewood/SLA01017.XLS"
"SDA","2020-07-10","Ledgewood","Ldgw","/Users/giojacuzzi/Desktop/PHI Project Data/SDA/Whidbey Island Comm Noise_Data/SLM Data/Ledgewood/505546_06JULY-26JULY_Ledgewood/SLA01018.XLS"
"SDA","2020-07-11","Ledgewood","Ldgw","/Users/giojacuzzi/Desktop/PHI Project Data/SDA/Whidbey Island Comm Noise_Data/SLM Data/Ledgewood/505546_06JULY-26JULY_Ledgewood/SLA01018.XLS"
"SDA","2020-07-11","Ledgewood","Ldgw","/Users/giojacuzzi/Desktop/PHI Project Data/SDA/Whidbey Island Comm Noise_Data/SLM Data/Ledgewood/505546_06JULY-26JULY_Ledgewood/SLA01019.XLS"
"SDA","2020-07-11","Ledgewood","Ldgw","/Users/giojacuzzi/Desktop/PHI Project Data/SDA/Whidbey Island Comm Noise_Data/SLM Data/Ledgewood/505546_06JULY-26JULY_Ledgewood/SLA01020.XLS"
"SDA","2020-07-11","Ledgewood","Ldgw","/Users/giojacuzzi/Desktop/PHI Project Data/SDA/Whidbey Island Comm Noise_Data/SLM Data/Ledgewood/505546_06JULY-26JULY_Ledgewood/SLA01021.XLS"
"SDA","2020-07-12","Ledgewood","Ldgw","/Users/giojacuzzi/Desktop/PHI Project Data/SDA/Whidbey Island Comm Noise_Data/SLM Data/Ledgewood/505546_06JULY-26JULY_Ledgewood/SLA01021.XLS"
"SDA","2020-07-12","Ledgewood","Ldgw","/Users/giojacuzzi/Desktop/PHI Project Data/SDA/Whidbey Island Comm Noise_Data/SLM Data/Ledgewood/505546_06JULY-26JULY_Ledgewood/SLA01022.XLS"
"SDA","2020-07-12","Ledgewood","Ldgw","/Users/giojacuzzi/Desktop/PHI Project Data/SDA/Whidbey Island Comm Noise_Data/SLM Data/Ledgewood/505546_06JULY-26JULY_Ledgewood/SLA01023.XLS"
"SDA","2020-07-12","Ledgewood","Ldgw","/Users/giojacuzzi/Desktop/PHI Project Data/SDA/Whidbey Island Comm Noise_Data/SLM Data/Ledgewood/505546_06JULY-26JULY_Ledgewood/SLA01024.XLS"
"SDA","2020-07-13","Ledgewood","Ldgw","/Users/giojacuzzi/Desktop/PHI Project Data/SDA/Whidbey Island Comm Noise_Data/SLM Data/Ledgewood/505546_06JULY-26JULY_Ledgewood/SLA01024.XLS"
"SDA","2020-07-13","Ledgewood","Ldgw","/Users/giojacuzzi/Desktop/PHI Project Data/SDA/Whidbey Island Comm Noise_Data/SLM Data/Ledgewood/505546_06JULY-26JULY_Ledgewood/SLA01025.XLS"
"SDA","2020-07-13","Ledgewood","Ldgw","/Users/giojacuzzi/Desktop/PHI Project Data/SDA/Whidbey Island Comm Noise_Data/SLM Data/Ledgewood/505546_06JULY-26JULY_Ledgewood/SLA01026.XLS"
"SDA","2020-07-14","Ledgewood","Ldgw","/Users/giojacuzzi/Desktop/PHI Project Data/SDA/Whidbey Island Comm Noise_Data/SLM Data/Ledgewood/505546_06JULY-26JULY_Ledgewood/SLA01026.XLS"
"SDA","2020-07-14","Ledgewood","Ldgw","/Users/giojacuzzi/Desktop/PHI Project Data/SDA/Whidbey Island Comm Noise_Data/SLM Data/Ledgewood/505546_06JULY-26JULY_Ledgewood/SLA01027.XLS"
"SDA","2020-07-14","Ledgewood","Ldgw","/Users/giojacuzzi/Desktop/PHI Project Data/SDA/Whidbey Island Comm Noise_Data/SLM Data/Ledgewood/505546_06JULY-26JULY_Ledgewood/SLA01028.XLS"
"SDA","2020-07-14","Ledgewood","Ldgw","/Users/giojacuzzi/Desktop/PHI Project Data/SDA/Whidbey Island Comm Noise_Data/SLM Data/Ledgewood/505546_06JULY-26JULY_Ledgewood/SLA01029.XLS"
"SDA","2020-07-15","Ledgewood","Ldgw","/Users/giojacuzzi/Desktop/PHI Project Data/SDA/Whidbey Island Comm Noise_Data/SLM Data/Ledgewood/505546_06JULY-26JULY_Ledgewood/SLA01029.XLS"
"SDA","2020-07-15","Ledgewood","Ldgw","/Users/giojacuzzi/Desktop/PHI Project Data/SDA/Whidbey Island Comm Noise_Data/SLM Data/Ledgewood/505546_06JULY-26JULY_Ledgewood/SLA01030.XLS"
"SDA","2020-07-15","Ledgewood","Ldgw","/Users/giojacuzzi/Desktop/PHI Project Data/SDA/Whidbey Island Comm Noise_Data/SLM Data/Ledgewood/505546_06JULY-26JULY_Ledgewood/SLA01031.XLS"
"SDA","2020-07-15","Ledgewood","Ldgw","/Users/giojacuzzi/Desktop/PHI Project Data/SDA/Whidbey Island Comm Noise_Data/SLM Data/Ledgewood/505546_06JULY-26JULY_Ledgewood/SLA01032.XLS"
"SDA","2020-07-16","Ledgewood","Ldgw","/Users/giojacuzzi/Desktop/PHI Project Data/SDA/Whidbey Island Comm Noise_Data/SLM Data/Ledgewood/505546_06JULY-26JULY_Ledgewood/SLA01032.XLS"
"SDA","2020-07-16","Ledgewood","Ldgw","/Users/giojacuzzi/Desktop/PHI Project Data/SDA/Whidbey Island Comm Noise_Data/SLM Data/Ledgewood/505546_06JULY-26JULY_Ledgewood/SLA01033.XLS"
"SDA","2020-07-16","Ledgewood","Ldgw","/Users/giojacuzzi/Desktop/PHI Project Data/SDA/Whidbey Island Comm Noise_Data/SLM Data/Ledgewood/505546_06JULY-26JULY_Ledgewood/SLA01034.XLS"
"SDA","2020-07-16","Ledgewood","Ldgw","/Users/giojacuzzi/Desktop/PHI Project Data/SDA/Whidbey Island Comm Noise_Data/SLM Data/Ledgewood/505546_06JULY-26JULY_Ledgewood/SLA01035.XLS"
"SDA","2020-07-17","Ledgewood","Ldgw","/Users/giojacuzzi/Desktop/PHI Project Data/SDA/Whidbey Island Comm Noise_Data/SLM Data/Ledgewood/505546_06JULY-26JULY_Ledgewood/SLA01035.XLS"
"SDA","2020-07-17","Ledgewood","Ldgw","/Users/giojacuzzi/Desktop/PHI Project Data/SDA/Whidbey Island Comm Noise_Data/SLM Data/Ledgewood/505546_06JULY-26JULY_Ledgewood/SLA01036.XLS"
"SDA","2020-07-17","Ledgewood","Ldgw","/Users/giojacuzzi/Desktop/PHI Project Data/SDA/Whidbey Island Comm Noise_Data/SLM Data/Ledgewood/505546_06JULY-26JULY_Ledgewood/SLA01037.XLS"
"SDA","2020-07-17","Ledgewood","Ldgw","/Users/giojacuzzi/Desktop/PHI Project Data/SDA/Whidbey Island Comm Noise_Data/SLM Data/Ledgewood/505546_06JULY-26JULY_Ledgewood/SLA01038.XLS"
"SDA","2020-07-18","Ledgewood","Ldgw","/Users/giojacuzzi/Desktop/PHI Project Data/SDA/Whidbey Island Comm Noise_Data/SLM Data/Ledgewood/505546_06JULY-26JULY_Ledgewood/SLA01038.XLS"
"SDA","2020-07-18","Ledgewood","Ldgw","/Users/giojacuzzi/Desktop/PHI Project Data/SDA/Whidbey Island Comm Noise_Data/SLM Data/Ledgewood/505546_06JULY-26JULY_Ledgewood/SLA01039.XLS"
"SDA","2020-07-18","Ledgewood","Ldgw","/Users/giojacuzzi/Desktop/PHI Project Data/SDA/Whidbey Island Comm Noise_Data/SLM Data/Ledgewood/505546_06JULY-26JULY_Ledgewood/SLA01040.XLS"
"SDA","2020-07-18","Ledgewood","Ldgw","/Users/giojacuzzi/Desktop/PHI Project Data/SDA/Whidbey Island Comm Noise_Data/SLM Data/Ledgewood/505546_06JULY-26JULY_Ledgewood/SLA01041.XLS"
"SDA","2020-07-19","Ledgewood","Ldgw","/Users/giojacuzzi/Desktop/PHI Project Data/SDA/Whidbey Island Comm Noise_Data/SLM Data/Ledgewood/505546_06JULY-26JULY_Ledgewood/SLA01041.XLS"
"SDA","2020-07-19","Ledgewood","Ldgw","/Users/giojacuzzi/Desktop/PHI Project Data/SDA/Whidbey Island Comm Noise_Data/SLM Data/Ledgewood/505546_06JULY-26JULY_Ledgewood/SLA01042.XLS"
"SDA","2020-07-19","Ledgewood","Ldgw","/Users/giojacuzzi/Desktop/PHI Project Data/SDA/Whidbey Island Comm Noise_Data/SLM Data/Ledgewood/505546_06JULY-26JULY_Ledgewood/SLA01043.XLS"
"SDA","2020-07-19","Ledgewood","Ldgw","/Users/giojacuzzi/Desktop/PHI Project Data/SDA/Whidbey Island Comm Noise_Data/SLM Data/Ledgewood/505546_06JULY-26JULY_Ledgewood/SLA01044.XLS"
"SDA","2020-07-20","Ledgewood","Ldgw","/Users/giojacuzzi/Desktop/PHI Project Data/SDA/Whidbey Island Comm Noise_Data/SLM Data/Ledgewood/505546_06JULY-26JULY_Ledgewood/SLA01044.XLS"
"SDA","2020-07-20","Ledgewood","Ldgw","/Users/giojacuzzi/Desktop/PHI Project Data/SDA/Whidbey Island Comm Noise_Data/SLM Data/Ledgewood/505546_06JULY-26JULY_Ledgewood/SLA01045.XLS"
"SDA","2020-07-20","Ledgewood","Ldgw","/Users/giojacuzzi/Desktop/PHI Project Data/SDA/Whidbey Island Comm Noise_Data/SLM Data/Ledgewood/505546_06JULY-26JULY_Ledgewood/SLA01046.XLS"
"SDA","2020-07-20","Ledgewood","Ldgw","/Users/giojacuzzi/Desktop/PHI Project Data/SDA/Whidbey Island Comm Noise_Data/SLM Data/Ledgewood/505546_06JULY-26JULY_Ledgewood/SLA01047.XLS"
"SDA","2020-07-21","Ledgewood","Ldgw","/Users/giojacuzzi/Desktop/PHI Project Data/SDA/Whidbey Island Comm Noise_Data/SLM Data/Ledgewood/505546_06JULY-26JULY_Ledgewood/SLA01047.XLS"
"SDA","2020-07-21","Ledgewood","Ldgw","/Users/giojacuzzi/Desktop/PHI Project Data/SDA/Whidbey Island Comm Noise_Data/SLM Data/Ledgewood/505546_06JULY-26JULY_Ledgewood/SLA01048.XLS"
"SDA","2020-07-21","Ledgewood","Ldgw","/Users/giojacuzzi/Desktop/PHI Project Data/SDA/Whidbey Island Comm Noise_Data/SLM Data/Ledgewood/505546_06JULY-26JULY_Ledgewood/SLA01049.XLS"
"SDA","2020-07-21","Ledgewood","Ldgw","/Users/giojacuzzi/Desktop/PHI Project Data/SDA/Whidbey Island Comm Noise_Data/SLM Data/Ledgewood/505546_06JULY-26JULY_Ledgewood/SLA01050.XLS"
"SDA","2020-07-22","Ledgewood","Ldgw","/Users/giojacuzzi/Desktop/PHI Project Data/SDA/Whidbey Island Comm Noise_Data/SLM Data/Ledgewood/505546_06JULY-26JULY_Ledgewood/SLA01050.XLS"
"SDA","2020-07-22","Ledgewood","Ldgw","/Users/giojacuzzi/Desktop/PHI Project Data/SDA/Whidbey Island Comm Noise_Data/SLM Data/Ledgewood/505546_06JULY-26JULY_Ledgewood/SLA01051.XLS"
"SDA","2020-07-22","Ledgewood","Ldgw","/Users/giojacuzzi/Desktop/PHI Project Data/SDA/Whidbey Island Comm Noise_Data/SLM Data/Ledgewood/505546_06JULY-26JULY_Ledgewood/SLA01052.XLS"
"SDA","2020-07-23","Ledgewood","Ldgw","/Users/giojacuzzi/Desktop/PHI Project Data/SDA/Whidbey Island Comm Noise_Data/SLM Data/Ledgewood/505546_06JULY-26JULY_Ledgewood/SLA01052.XLS"
"SDA","2020-07-23","Ledgewood","Ldgw","/Users/giojacuzzi/Desktop/PHI Project Data/SDA/Whidbey Island Comm Noise_Data/SLM Data/Ledgewood/505546_06JULY-26JULY_Ledgewood/SLA01053.XLS"
"SDA","2020-07-23","Ledgewood","Ldgw","/Users/giojacuzzi/Desktop/PHI Project Data/SDA/Whidbey Island Comm Noise_Data/SLM Data/Ledgewood/505546_06JULY-26JULY_Ledgewood/SLA01054.XLS"
"SDA","2020-07-23","Ledgewood","Ldgw","/Users/giojacuzzi/Desktop/PHI Project Data/SDA/Whidbey Island Comm Noise_Data/SLM Data/Ledgewood/505546_06JULY-26JULY_Ledgewood/SLA01055.XLS"
"SDA","2020-07-24","Ledgewood","Ldgw","/Users/giojacuzzi/Desktop/PHI Project Data/SDA/Whidbey Island Comm Noise_Data/SLM Data/Ledgewood/505546_06JULY-26JULY_Ledgewood/SLA01055.XLS"
"SDA","2020-07-24","Ledgewood","Ldgw","/Users/giojacuzzi/Desktop/PHI Project Data/SDA/Whidbey Island Comm Noise_Data/SLM Data/Ledgewood/505546_06JULY-26JULY_Ledgewood/SLA01056.XLS"
"SDA","2020-07-24","Ledgewood","Ldgw","/Users/giojacuzzi/Desktop/PHI Project Data/SDA/Whidbey Island Comm Noise_Data/SLM Data/Ledgewood/505546_06JULY-26JULY_Ledgewood/SLA01057.XLS"
"SDA","2020-07-24","Ledgewood","Ldgw","/Users/giojacuzzi/Desktop/PHI Project Data/SDA/Whidbey Island Comm Noise_Data/SLM Data/Ledgewood/505546_06JULY-26JULY_Ledgewood/SLA01058.XLS"
"SDA","2020-07-25","Ledgewood","Ldgw","/Users/giojacuzzi/Desktop/PHI Project Data/SDA/Whidbey Island Comm Noise_Data/SLM Data/Ledgewood/505546_06JULY-26JULY_Ledgewood/SLA01058.XLS"
"SDA","2020-07-25","Ledgewood","Ldgw","/Users/giojacuzzi/Desktop/PHI Project Data/SDA/Whidbey Island Comm Noise_Data/SLM Data/Ledgewood/505546_06JULY-26JULY_Ledgewood/SLA01059.XLS"
"SDA","2020-07-25","Ledgewood","Ldgw","/Users/giojacuzzi/Desktop/PHI Project Data/SDA/Whidbey Island Comm Noise_Data/SLM Data/Ledgewood/505546_06JULY-26JULY_Ledgewood/SLA01060.XLS"
"SDA","2020-07-25","Ledgewood","Ldgw","/Users/giojacuzzi/Desktop/PHI Project Data/SDA/Whidbey Island Comm Noise_Data/SLM Data/Ledgewood/505546_06JULY-26JULY_Ledgewood/SLA01061.XLS"
"SDA","2020-07-26","Ledgewood","Ldgw","/Users/giojacuzzi/Desktop/PHI Project Data/SDA/Whidbey Island Comm Noise_Data/SLM Data/Ledgewood/505546_06JULY-26JULY_Ledgewood/SLA01061.XLS"
"SDA","2020-07-26","Ledgewood","Ldgw","/Users/giojacuzzi/Desktop/PHI Project Data/SDA/Whidbey Island Comm Noise_Data/SLM Data/Ledgewood/505546_06JULY-26JULY_Ledgewood/SLA01062.XLS"
"SDA","2020-07-06","Morgan Hill, Port Townsend","MHPT","/Users/giojacuzzi/Desktop/PHI Project Data/SDA/Whidbey Island Comm Noise_Data/SLM Data/Morgan Hill, Port Townsend/481776_06JULY-26JULY_PortTownsend/SLA01001.XLS"
"SDA","2020-07-07","Morgan Hill, Port Townsend","MHPT","/Users/giojacuzzi/Desktop/PHI Project Data/SDA/Whidbey Island Comm Noise_Data/SLM Data/Morgan Hill, Port Townsend/481776_06JULY-26JULY_PortTownsend/SLA01001.XLS"
"SDA","2020-07-07","Morgan Hill, Port Townsend","MHPT","/Users/giojacuzzi/Desktop/PHI Project Data/SDA/Whidbey Island Comm Noise_Data/SLM Data/Morgan Hill, Port Townsend/481776_06JULY-26JULY_PortTownsend/SLA01002.XLS"
"SDA","2020-07-07","Morgan Hill, Port Townsend","MHPT","/Users/giojacuzzi/Desktop/PHI Project Data/SDA/Whidbey Island Comm Noise_Data/SLM Data/Morgan Hill, Port Townsend/481776_06JULY-26JULY_PortTownsend/SLA01003.XLS"
"SDA","2020-07-07","Morgan Hill, Port Townsend","MHPT","/Users/giojacuzzi/Desktop/PHI Project Data/SDA/Whidbey Island Comm Noise_Data/SLM Data/Morgan Hill, Port Townsend/481776_06JULY-26JULY_PortTownsend/SLA01004.XLS"
"SDA","2020-07-08","Morgan Hill, Port Townsend","MHPT","/Users/giojacuzzi/Desktop/PHI Project Data/SDA/Whidbey Island Comm Noise_Data/SLM Data/Morgan Hill, Port Townsend/481776_06JULY-26JULY_PortTownsend/SLA01004.XLS"
"SDA","2020-07-08","Morgan Hill, Port Townsend","MHPT","/Users/giojacuzzi/Desktop/PHI Project Data/SDA/Whidbey Island Comm Noise_Data/SLM Data/Morgan Hill, Port Townsend/481776_06JULY-26JULY_PortTownsend/SLA01005.XLS"
"SDA","2020-07-08","Morgan Hill, Port Townsend","MHPT","/Users/giojacuzzi/Desktop/PHI Project Data/SDA/Whidbey Island Comm Noise_Data/SLM Data/Morgan Hill, Port Townsend/481776_06JULY-26JULY_PortTownsend/SLA01006.XLS"
"SDA","2020-07-08","Morgan Hill, Port Townsend","MHPT","/Users/giojacuzzi/Desktop/PHI Project Data/SDA/Whidbey Island Comm Noise_Data/SLM Data/Morgan Hill, Port Townsend/481776_06JULY-26JULY_PortTownsend/SLA01007.XLS"
"SDA","2020-07-09","Morgan Hill, Port Townsend","MHPT","/Users/giojacuzzi/Desktop/PHI Project Data/SDA/Whidbey Island Comm Noise_Data/SLM Data/Morgan Hill, Port Townsend/481776_06JULY-26JULY_PortTownsend/SLA01007.XLS"
"SDA","2020-07-09","Morgan Hill, Port Townsend","MHPT","/Users/giojacuzzi/Desktop/PHI Project Data/SDA/Whidbey Island Comm Noise_Data/SLM Data/Morgan Hill, Port Townsend/481776_06JULY-26JULY_PortTownsend/SLA01008.XLS"
"SDA","2020-07-09","Morgan Hill, Port Townsend","MHPT","/Users/giojacuzzi/Desktop/PHI Project Data/SDA/Whidbey Island Comm Noise_Data/SLM Data/Morgan Hill, Port Townsend/481776_06JULY-26JULY_PortTownsend/SLA01009.XLS"
"SDA","2020-07-09","Morgan Hill, Port Townsend","MHPT","/Users/giojacuzzi/Desktop/PHI Project Data/SDA/Whidbey Island Comm Noise_Data/SLM Data/Morgan Hill, Port Townsend/481776_06JULY-26JULY_PortTownsend/SLA01010.XLS"
"SDA","2020-07-10","Morgan Hill, Port Townsend","MHPT","/Users/giojacuzzi/Desktop/PHI Project Data/SDA/Whidbey Island Comm Noise_Data/SLM Data/Morgan Hill, Port Townsend/481776_06JULY-26JULY_PortTownsend/SLA01010.XLS"
"SDA","2020-07-10","Morgan Hill, Port Townsend","MHPT","/Users/giojacuzzi/Desktop/PHI Project Data/SDA/Whidbey Island Comm Noise_Data/SLM Data/Morgan Hill, Port Townsend/481776_06JULY-26JULY_PortTownsend/SLA01011.XLS"
"SDA","2020-07-10","Morgan Hill, Port Townsend","MHPT","/Users/giojacuzzi/Desktop/PHI Project Data/SDA/Whidbey Island Comm Noise_Data/SLM Data/Morgan Hill, Port Townsend/481776_06JULY-26JULY_PortTownsend/SLA01012.XLS"
"SDA","2020-07-10","Morgan Hill, Port Townsend","MHPT","/Users/giojacuzzi/Desktop/PHI Project Data/SDA/Whidbey Island Comm Noise_Data/SLM Data/Morgan Hill, Port Townsend/481776_06JULY-26JULY_PortTownsend/SLA01013.XLS"
"SDA","2020-07-11","Morgan Hill, Port Townsend","MHPT","/Users/giojacuzzi/Desktop/PHI Project Data/SDA/Whidbey Island Comm Noise_Data/SLM Data/Morgan Hill, Port Townsend/481776_06JULY-26JULY_PortTownsend/SLA01013.XLS"
"SDA","2020-07-11","Morgan Hill, Port Townsend","MHPT","/Users/giojacuzzi/Desktop/PHI Project Data/SDA/Whidbey Island Comm Noise_Data/SLM Data/Morgan Hill, Port Townsend/481776_06JULY-26JULY_PortTownsend/SLA01014.XLS"
"SDA","2020-07-11","Morgan Hill, Port Townsend","MHPT","/Users/giojacuzzi/Desktop/PHI Project Data/SDA/Whidbey Island Comm Noise_Data/SLM Data/Morgan Hill, Port Townsend/481776_06JULY-26JULY_PortTownsend/SLA01015.XLS"
"SDA","2020-07-11","Morgan Hill, Port Townsend","MHPT","/Users/giojacuzzi/Desktop/PHI Project Data/SDA/Whidbey Island Comm Noise_Data/SLM Data/Morgan Hill, Port Townsend/481776_06JULY-26JULY_PortTownsend/SLA01016.XLS"
"SDA","2020-07-12","Morgan Hill, Port Townsend","MHPT","/Users/giojacuzzi/Desktop/PHI Project Data/SDA/Whidbey Island Comm Noise_Data/SLM Data/Morgan Hill, Port Townsend/481776_06JULY-26JULY_PortTownsend/SLA01016.XLS"
"SDA","2020-07-12","Morgan Hill, Port Townsend","MHPT","/Users/giojacuzzi/Desktop/PHI Project Data/SDA/Whidbey Island Comm Noise_Data/SLM Data/Morgan Hill, Port Townsend/481776_06JULY-26JULY_PortTownsend/SLA01017.XLS"
"SDA","2020-07-12","Morgan Hill, Port Townsend","MHPT","/Users/giojacuzzi/Desktop/PHI Project Data/SDA/Whidbey Island Comm Noise_Data/SLM Data/Morgan Hill, Port Townsend/481776_06JULY-26JULY_PortTownsend/SLA01018.XLS"
"SDA","2020-07-13","Morgan Hill, Port Townsend","MHPT","/Users/giojacuzzi/Desktop/PHI Project Data/SDA/Whidbey Island Comm Noise_Data/SLM Data/Morgan Hill, Port Townsend/481776_06JULY-26JULY_PortTownsend/SLA01018.XLS"
"SDA","2020-07-13","Morgan Hill, Port Townsend","MHPT","/Users/giojacuzzi/Desktop/PHI Project Data/SDA/Whidbey Island Comm Noise_Data/SLM Data/Morgan Hill, Port Townsend/481776_06JULY-26JULY_PortTownsend/SLA01019.XLS"
"SDA","2020-07-13","Morgan Hill, Port Townsend","MHPT","/Users/giojacuzzi/Desktop/PHI Project Data/SDA/Whidbey Island Comm Noise_Data/SLM Data/Morgan Hill, Port Townsend/481776_06JULY-26JULY_PortTownsend/SLA01020.XLS"
"SDA","2020-07-13","Morgan Hill, Port Townsend","MHPT","/Users/giojacuzzi/Desktop/PHI Project Data/SDA/Whidbey Island Comm Noise_Data/SLM Data/Morgan Hill, Port Townsend/481776_06JULY-26JULY_PortTownsend/SLA01021.XLS"
"SDA","2020-07-14","Morgan Hill, Port Townsend","MHPT","/Users/giojacuzzi/Desktop/PHI Project Data/SDA/Whidbey Island Comm Noise_Data/SLM Data/Morgan Hill, Port Townsend/481776_06JULY-26JULY_PortTownsend/SLA01021.XLS"
"SDA","2020-07-14","Morgan Hill, Port Townsend","MHPT","/Users/giojacuzzi/Desktop/PHI Project Data/SDA/Whidbey Island Comm Noise_Data/SLM Data/Morgan Hill, Port Townsend/481776_06JULY-26JULY_PortTownsend/SLA01022.XLS"
"SDA","2020-07-14","Morgan Hill, Port Townsend","MHPT","/Users/giojacuzzi/Desktop/PHI Project Data/SDA/Whidbey Island Comm Noise_Data/SLM Data/Morgan Hill, Port Townsend/481776_06JULY-26JULY_PortTownsend/SLA01023.XLS"
"SDA","2020-07-14","Morgan Hill, Port Townsend","MHPT","/Users/giojacuzzi/Desktop/PHI Project Data/SDA/Whidbey Island Comm Noise_Data/SLM Data/Morgan Hill, Port Townsend/481776_06JULY-26JULY_PortTownsend/SLA01024.XLS"
"SDA","2020-07-15","Morgan Hill, Port Townsend","MHPT","/Users/giojacuzzi/Desktop/PHI Project Data/SDA/Whidbey Island Comm Noise_Data/SLM Data/Morgan Hill, Port Townsend/481776_06JULY-26JULY_PortTownsend/SLA01024.XLS"
"SDA","2020-07-15","Morgan Hill, Port Townsend","MHPT","/Users/giojacuzzi/Desktop/PHI Project Data/SDA/Whidbey Island Comm Noise_Data/SLM Data/Morgan Hill, Port Townsend/481776_06JULY-26JULY_PortTownsend/SLA01025.XLS"
"SDA","2020-07-15","Morgan Hill, Port Townsend","MHPT","/Users/giojacuzzi/Desktop/PHI Project Data/SDA/Whidbey Island Comm Noise_Data/SLM Data/Morgan Hill, Port Townsend/481776_06JULY-26JULY_PortTownsend/SLA01026.XLS"
"SDA","2020-07-15","Morgan Hill, Port Townsend","MHPT","/Users/giojacuzzi/Desktop/PHI Project Data/SDA/Whidbey Island Comm Noise_Data/SLM Data/Morgan Hill, Port Townsend/481776_06JULY-26JULY_PortTownsend/SLA01027.XLS"
"SDA","2020-07-16","Morgan Hill, Port Townsend","MHPT","/Users/giojacuzzi/Desktop/PHI Project Data/SDA/Whidbey Island Comm Noise_Data/SLM Data/Morgan Hill, Port Townsend/481776_06JULY-26JULY_PortTownsend/SLA01027.XLS"
"SDA","2020-07-16","Morgan Hill, Port Townsend","MHPT","/Users/giojacuzzi/Desktop/PHI Project Data/SDA/Whidbey Island Comm Noise_Data/SLM Data/Morgan Hill, Port Townsend/481776_06JULY-26JULY_PortTownsend/SLA01028.XLS"
"SDA","2020-07-16","Morgan Hill, Port Townsend","MHPT","/Users/giojacuzzi/Desktop/PHI Project Data/SDA/Whidbey Island Comm Noise_Data/SLM Data/Morgan Hill, Port Townsend/481776_06JULY-26JULY_PortTownsend/SLA01029.XLS"
"SDA","2020-07-16","Morgan Hill, Port Townsend","MHPT","/Users/giojacuzzi/Desktop/PHI Project Data/SDA/Whidbey Island Comm Noise_Data/SLM Data/Morgan Hill, Port Townsend/481776_06JULY-26JULY_PortTownsend/SLA01030.XLS"
"SDA","2020-07-17","Morgan Hill, Port Townsend","MHPT","/Users/giojacuzzi/Desktop/PHI Project Data/SDA/Whidbey Island Comm Noise_Data/SLM Data/Morgan Hill, Port Townsend/481776_06JULY-26JULY_PortTownsend/SLA01030.XLS"
"SDA","2020-07-17","Morgan Hill, Port Townsend","MHPT","/Users/giojacuzzi/Desktop/PHI Project Data/SDA/Whidbey Island Comm Noise_Data/SLM Data/Morgan Hill, Port Townsend/481776_06JULY-26JULY_PortTownsend/SLA01031.XLS"
"SDA","2020-07-17","Morgan Hill, Port Townsend","MHPT","/Users/giojacuzzi/Desktop/PHI Project Data/SDA/Whidbey Island Comm Noise_Data/SLM Data/Morgan Hill, Port Townsend/481776_06JULY-26JULY_PortTownsend/SLA01032.XLS"
"SDA","2020-07-17","Morgan Hill, Port Townsend","MHPT","/Users/giojacuzzi/Desktop/PHI Project Data/SDA/Whidbey Island Comm Noise_Data/SLM Data/Morgan Hill, Port Townsend/481776_06JULY-26JULY_PortTownsend/SLA01033.XLS"
"SDA","2020-07-18","Morgan Hill, Port Townsend","MHPT","/Users/giojacuzzi/Desktop/PHI Project Data/SDA/Whidbey Island Comm Noise_Data/SLM Data/Morgan Hill, Port Townsend/481776_06JULY-26JULY_PortTownsend/SLA01033.XLS"
"SDA","2020-07-18","Morgan Hill, Port Townsend","MHPT","/Users/giojacuzzi/Desktop/PHI Project Data/SDA/Whidbey Island Comm Noise_Data/SLM Data/Morgan Hill, Port Townsend/481776_06JULY-26JULY_PortTownsend/SLA01034.XLS"
"SDA","2020-07-18","Morgan Hill, Port Townsend","MHPT","/Users/giojacuzzi/Desktop/PHI Project Data/SDA/Whidbey Island Comm Noise_Data/SLM Data/Morgan Hill, Port Townsend/481776_06JULY-26JULY_PortTownsend/SLA01035.XLS"
"SDA","2020-07-18","Morgan Hill, Port Townsend","MHPT","/Users/giojacuzzi/Desktop/PHI Project Data/SDA/Whidbey Island Comm Noise_Data/SLM Data/Morgan Hill, Port Townsend/481776_06JULY-26JULY_PortTownsend/SLA01036.XLS"
"SDA","2020-07-19","Morgan Hill, Port Townsend","MHPT","/Users/giojacuzzi/Desktop/PHI Project Data/SDA/Whidbey Island Comm Noise_Data/SLM Data/Morgan Hill, Port Townsend/481776_06JULY-26JULY_PortTownsend/SLA01036.XLS"
"SDA","2020-07-19","Morgan Hill, Port Townsend","MHPT","/Users/giojacuzzi/Desktop/PHI Project Data/SDA/Whidbey Island Comm Noise_Data/SLM Data/Morgan Hill, Port Townsend/481776_06JULY-26JULY_PortTownsend/SLA01037.XLS"
"SDA","2020-07-19","Morgan Hill, Port Townsend","MHPT","/Users/giojacuzzi/Desktop/PHI Project Data/SDA/Whidbey Island Comm Noise_Data/SLM Data/Morgan Hill, Port Townsend/481776_06JULY-26JULY_PortTownsend/SLA01038.XLS"
"SDA","2020-07-19","Morgan Hill, Port Townsend","MHPT","/Users/giojacuzzi/Desktop/PHI Project Data/SDA/Whidbey Island Comm Noise_Data/SLM Data/Morgan Hill, Port Townsend/481776_06JULY-26JULY_PortTownsend/SLA01039.XLS"
"SDA","2020-07-20","Morgan Hill, Port Townsend","MHPT","/Users/giojacuzzi/Desktop/PHI Project Data/SDA/Whidbey Island Comm Noise_Data/SLM Data/Morgan Hill, Port Townsend/481776_06JULY-26JULY_PortTownsend/SLA01039.XLS"
"SDA","2020-07-20","Morgan Hill, Port Townsend","MHPT","/Users/giojacuzzi/Desktop/PHI Project Data/SDA/Whidbey Island Comm Noise_Data/SLM Data/Morgan Hill, Port Townsend/481776_06JULY-26JULY_PortTownsend/SLA01040.XLS"
"SDA","2020-07-20","Morgan Hill, Port Townsend","MHPT","/Users/giojacuzzi/Desktop/PHI Project Data/SDA/Whidbey Island Comm Noise_Data/SLM Data/Morgan Hill, Port Townsend/481776_06JULY-26JULY_PortTownsend/SLA01041.XLS"
"SDA","2020-07-21","Morgan Hill, Port Townsend","MHPT","/Users/giojacuzzi/Desktop/PHI Project Data/SDA/Whidbey Island Comm Noise_Data/SLM Data/Morgan Hill, Port Townsend/481776_06JULY-26JULY_PortTownsend/SLA01041.XLS"
"SDA","2020-07-21","Morgan Hill, Port Townsend","MHPT","/Users/giojacuzzi/Desktop/PHI Project Data/SDA/Whidbey Island Comm Noise_Data/SLM Data/Morgan Hill, Port Townsend/481776_06JULY-26JULY_PortTownsend/SLA01042.XLS"
"SDA","2020-07-21","Morgan Hill, Port Townsend","MHPT","/Users/giojacuzzi/Desktop/PHI Project Data/SDA/Whidbey Island Comm Noise_Data/SLM Data/Morgan Hill, Port Townsend/481776_06JULY-26JULY_PortTownsend/SLA01043.XLS"
"SDA","2020-07-21","Morgan Hill, Port Townsend","MHPT","/Users/giojacuzzi/Desktop/PHI Project Data/SDA/Whidbey Island Comm Noise_Data/SLM Data/Morgan Hill, Port Townsend/481776_06JULY-26JULY_PortTownsend/SLA01044.XLS"
"SDA","2020-07-22","Morgan Hill, Port Townsend","MHPT","/Users/giojacuzzi/Desktop/PHI Project Data/SDA/Whidbey Island Comm Noise_Data/SLM Data/Morgan Hill, Port Townsend/481776_06JULY-26JULY_PortTownsend/SLA01044.XLS"
"SDA","2020-07-22","Morgan Hill, Port Townsend","MHPT","/Users/giojacuzzi/Desktop/PHI Project Data/SDA/Whidbey Island Comm Noise_Data/SLM Data/Morgan Hill, Port Townsend/481776_06JULY-26JULY_PortTownsend/SLA01045.XLS"
"SDA","2020-07-22","Morgan Hill, Port Townsend","MHPT","/Users/giojacuzzi/Desktop/PHI Project Data/SDA/Whidbey Island Comm Noise_Data/SLM Data/Morgan Hill, Port Townsend/481776_06JULY-26JULY_PortTownsend/SLA01046.XLS"
"SDA","2020-07-22","Morgan Hill, Port Townsend","MHPT","/Users/giojacuzzi/Desktop/PHI Project Data/SDA/Whidbey Island Comm Noise_Data/SLM Data/Morgan Hill, Port Townsend/481776_06JULY-26JULY_PortTownsend/SLA01047.XLS"
"SDA","2020-07-23","Morgan Hill, Port Townsend","MHPT","/Users/giojacuzzi/Desktop/PHI Project Data/SDA/Whidbey Island Comm Noise_Data/SLM Data/Morgan Hill, Port Townsend/481776_06JULY-26JULY_PortTownsend/SLA01047.XLS"
"SDA","2020-07-23","Morgan Hill, Port Townsend","MHPT","/Users/giojacuzzi/Desktop/PHI Project Data/SDA/Whidbey Island Comm Noise_Data/SLM Data/Morgan Hill, Port Townsend/481776_06JULY-26JULY_PortTownsend/SLA01048.XLS"
"SDA","2020-07-23","Morgan Hill, Port Townsend","MHPT","/Users/giojacuzzi/Desktop/PHI Project Data/SDA/Whidbey Island Comm Noise_Data/SLM Data/Morgan Hill, Port Townsend/481776_06JULY-26JULY_PortTownsend/SLA01049.XLS"
"SDA","2020-07-23","Morgan Hill, Port Townsend","MHPT","/Users/giojacuzzi/Desktop/PHI Project Data/SDA/Whidbey Island Comm Noise_Data/SLM Data/Morgan Hill, Port Townsend/481776_06JULY-26JULY_PortTownsend/SLA01050.XLS"
"SDA","2020-07-24","Morgan Hill, Port Townsend","MHPT","/Users/giojacuzzi/Desktop/PHI Project Data/SDA/Whidbey Island Comm Noise_Data/SLM Data/Morgan Hill, Port Townsend/481776_06JULY-26JULY_PortTownsend/SLA01050.XLS"
"SDA","2020-07-24","Morgan Hill, Port Townsend","MHPT","/Users/giojacuzzi/Desktop/PHI Project Data/SDA/Whidbey Island Comm Noise_Data/SLM Data/Morgan Hill, Port Townsend/481776_06JULY-26JULY_PortTownsend/SLA01051.XLS"
"SDA","2020-07-24","Morgan Hill, Port Townsend","MHPT","/Users/giojacuzzi/Desktop/PHI Project Data/SDA/Whidbey Island Comm Noise_Data/SLM Data/Morgan Hill, Port Townsend/481776_06JULY-26JULY_PortTownsend/SLA01052.XLS"
"SDA","2020-07-24","Morgan Hill, Port Townsend","MHPT","/Users/giojacuzzi/Desktop/PHI Project Data/SDA/Whidbey Island Comm Noise_Data/SLM Data/Morgan Hill, Port Townsend/481776_06JULY-26JULY_PortTownsend/SLA01053.XLS"
"SDA","2020-07-25","Morgan Hill, Port Townsend","MHPT","/Users/giojacuzzi/Desktop/PHI Project Data/SDA/Whidbey Island Comm Noise_Data/SLM Data/Morgan Hill, Port Townsend/481776_06JULY-26JULY_PortTownsend/SLA01053.XLS"
"SDA","2020-07-25","Morgan Hill, Port Townsend","MHPT","/Users/giojacuzzi/Desktop/PHI Project Data/SDA/Whidbey Island Comm Noise_Data/SLM Data/Morgan Hill, Port Townsend/481776_06JULY-26JULY_PortTownsend/SLA01054.XLS"
"SDA","2020-07-25","Morgan Hill, Port Townsend","MHPT","/Users/giojacuzzi/Desktop/PHI Project Data/SDA/Whidbey Island Comm Noise_Data/SLM Data/Morgan Hill, Port Townsend/481776_06JULY-26JULY_PortTownsend/SLA01055.XLS"
"SDA","2020-07-25","Morgan Hill, Port Townsend","MHPT","/Users/giojacuzzi/Desktop/PHI Project Data/SDA/Whidbey Island Comm Noise_Data/SLM Data/Morgan Hill, Port Townsend/481776_06JULY-26JULY_PortTownsend/SLA01056.XLS"
"SDA","2020-07-26","Morgan Hill, Port Townsend","MHPT","/Users/giojacuzzi/Desktop/PHI Project Data/SDA/Whidbey Island Comm Noise_Data/SLM Data/Morgan Hill, Port Townsend/481776_06JULY-26JULY_PortTownsend/SLA01056.XLS"
"SDA","2020-07-26","Morgan Hill, Port Townsend","MHPT","/Users/giojacuzzi/Desktop/PHI Project Data/SDA/Whidbey Island Comm Noise_Data/SLM Data/Morgan Hill, Port Townsend/481776_06JULY-26JULY_PortTownsend/SLA01057.XLS"
"SDA","2020-07-06","Newberry House","NwbH","/Users/giojacuzzi/Desktop/PHI Project Data/SDA/Whidbey Island Comm Noise_Data/SLM Data/Newberry House/488156_11JULY-26JULY_Newberry/SLA01001.XLS"
"SDA","2020-07-11","Newberry House","NwbH","/Users/giojacuzzi/Desktop/PHI Project Data/SDA/Whidbey Island Comm Noise_Data/SLM Data/Newberry House/488156_11JULY-26JULY_Newberry/SLA01001.XLS"
"SDA","2020-07-11","Newberry House","NwbH","/Users/giojacuzzi/Desktop/PHI Project Data/SDA/Whidbey Island Comm Noise_Data/SLM Data/Newberry House/488156_11JULY-26JULY_Newberry/SLA01002.XLS"
"SDA","2020-07-12","Newberry House","NwbH","/Users/giojacuzzi/Desktop/PHI Project Data/SDA/Whidbey Island Comm Noise_Data/SLM Data/Newberry House/488156_11JULY-26JULY_Newberry/SLA01002.XLS"
"SDA","2020-07-12","Newberry House","NwbH","/Users/giojacuzzi/Desktop/PHI Project Data/SDA/Whidbey Island Comm Noise_Data/SLM Data/Newberry House/488156_11JULY-26JULY_Newberry/SLA01003.XLS"
"SDA","2020-07-12","Newberry House","NwbH","/Users/giojacuzzi/Desktop/PHI Project Data/SDA/Whidbey Island Comm Noise_Data/SLM Data/Newberry House/488156_11JULY-26JULY_Newberry/SLA01004.XLS"
"SDA","2020-07-13","Newberry House","NwbH","/Users/giojacuzzi/Desktop/PHI Project Data/SDA/Whidbey Island Comm Noise_Data/SLM Data/Newberry House/488156_11JULY-26JULY_Newberry/SLA01004.XLS"
"SDA","2020-07-13","Newberry House","NwbH","/Users/giojacuzzi/Desktop/PHI Project Data/SDA/Whidbey Island Comm Noise_Data/SLM Data/Newberry House/488156_11JULY-26JULY_Newberry/SLA01005.XLS"
"SDA","2020-07-13","Newberry House","NwbH","/Users/giojacuzzi/Desktop/PHI Project Data/SDA/Whidbey Island Comm Noise_Data/SLM Data/Newberry House/488156_11JULY-26JULY_Newberry/SLA01006.XLS"
"SDA","2020-07-13","Newberry House","NwbH","/Users/giojacuzzi/Desktop/PHI Project Data/SDA/Whidbey Island Comm Noise_Data/SLM Data/Newberry House/488156_11JULY-26JULY_Newberry/SLA01007.XLS"
"SDA","2020-07-14","Newberry House","NwbH","/Users/giojacuzzi/Desktop/PHI Project Data/SDA/Whidbey Island Comm Noise_Data/SLM Data/Newberry House/488156_11JULY-26JULY_Newberry/SLA01007.XLS"
"SDA","2020-07-14","Newberry House","NwbH","/Users/giojacuzzi/Desktop/PHI Project Data/SDA/Whidbey Island Comm Noise_Data/SLM Data/Newberry House/488156_11JULY-26JULY_Newberry/SLA01008.XLS"
"SDA","2020-07-14","Newberry House","NwbH","/Users/giojacuzzi/Desktop/PHI Project Data/SDA/Whidbey Island Comm Noise_Data/SLM Data/Newberry House/488156_11JULY-26JULY_Newberry/SLA01009.XLS"
"SDA","2020-07-14","Newberry House","NwbH","/Users/giojacuzzi/Desktop/PHI Project Data/SDA/Whidbey Island Comm Noise_Data/SLM Data/Newberry House/488156_11JULY-26JULY_Newberry/SLA01010.XLS"
"SDA","2020-07-15","Newberry House","NwbH","/Users/giojacuzzi/Desktop/PHI Project Data/SDA/Whidbey Island Comm Noise_Data/SLM Data/Newberry House/488156_11JULY-26JULY_Newberry/SLA01010.XLS"
"SDA","2020-07-15","Newberry House","NwbH","/Users/giojacuzzi/Desktop/PHI Project Data/SDA/Whidbey Island Comm Noise_Data/SLM Data/Newberry House/488156_11JULY-26JULY_Newberry/SLA01011.XLS"
"SDA","2020-07-15","Newberry House","NwbH","/Users/giojacuzzi/Desktop/PHI Project Data/SDA/Whidbey Island Comm Noise_Data/SLM Data/Newberry House/488156_11JULY-26JULY_Newberry/SLA01012.XLS"
"SDA","2020-07-15","Newberry House","NwbH","/Users/giojacuzzi/Desktop/PHI Project Data/SDA/Whidbey Island Comm Noise_Data/SLM Data/Newberry House/488156_11JULY-26JULY_Newberry/SLA01013.XLS"
"SDA","2020-07-16","Newberry House","NwbH","/Users/giojacuzzi/Desktop/PHI Project Data/SDA/Whidbey Island Comm Noise_Data/SLM Data/Newberry House/488156_11JULY-26JULY_Newberry/SLA01013.XLS"
"SDA","2020-07-16","Newberry House","NwbH","/Users/giojacuzzi/Desktop/PHI Project Data/SDA/Whidbey Island Comm Noise_Data/SLM Data/Newberry House/488156_11JULY-26JULY_Newberry/SLA01014.XLS"
"SDA","2020-07-16","Newberry House","NwbH","/Users/giojacuzzi/Desktop/PHI Project Data/SDA/Whidbey Island Comm Noise_Data/SLM Data/Newberry House/488156_11JULY-26JULY_Newberry/SLA01015.XLS"
"SDA","2020-07-16","Newberry House","NwbH","/Users/giojacuzzi/Desktop/PHI Project Data/SDA/Whidbey Island Comm Noise_Data/SLM Data/Newberry House/488156_11JULY-26JULY_Newberry/SLA01016.XLS"
"SDA","2020-07-17","Newberry House","NwbH","/Users/giojacuzzi/Desktop/PHI Project Data/SDA/Whidbey Island Comm Noise_Data/SLM Data/Newberry House/488156_11JULY-26JULY_Newberry/SLA01016.XLS"
"SDA","2020-07-17","Newberry House","NwbH","/Users/giojacuzzi/Desktop/PHI Project Data/SDA/Whidbey Island Comm Noise_Data/SLM Data/Newberry House/488156_11JULY-26JULY_Newberry/SLA01017.XLS"
"SDA","2020-07-17","Newberry House","NwbH","/Users/giojacuzzi/Desktop/PHI Project Data/SDA/Whidbey Island Comm Noise_Data/SLM Data/Newberry House/488156_11JULY-26JULY_Newberry/SLA01018.XLS"
"SDA","2020-07-17","Newberry House","NwbH","/Users/giojacuzzi/Desktop/PHI Project Data/SDA/Whidbey Island Comm Noise_Data/SLM Data/Newberry House/488156_11JULY-26JULY_Newberry/SLA01019.XLS"
"SDA","2020-07-18","Newberry House","NwbH","/Users/giojacuzzi/Desktop/PHI Project Data/SDA/Whidbey Island Comm Noise_Data/SLM Data/Newberry House/488156_11JULY-26JULY_Newberry/SLA01019.XLS"
"SDA","2020-07-18","Newberry House","NwbH","/Users/giojacuzzi/Desktop/PHI Project Data/SDA/Whidbey Island Comm Noise_Data/SLM Data/Newberry House/488156_11JULY-26JULY_Newberry/SLA01020.XLS"
"SDA","2020-07-18","Newberry House","NwbH","/Users/giojacuzzi/Desktop/PHI Project Data/SDA/Whidbey Island Comm Noise_Data/SLM Data/Newberry House/488156_11JULY-26JULY_Newberry/SLA01021.XLS"
"SDA","2020-07-18","Newberry House","NwbH","/Users/giojacuzzi/Desktop/PHI Project Data/SDA/Whidbey Island Comm Noise_Data/SLM Data/Newberry House/488156_11JULY-26JULY_Newberry/SLA01022.XLS"
"SDA","2020-07-19","Newberry House","NwbH","/Users/giojacuzzi/Desktop/PHI Project Data/SDA/Whidbey Island Comm Noise_Data/SLM Data/Newberry House/488156_11JULY-26JULY_Newberry/SLA01022.XLS"
"SDA","2020-07-19","Newberry House","NwbH","/Users/giojacuzzi/Desktop/PHI Project Data/SDA/Whidbey Island Comm Noise_Data/SLM Data/Newberry House/488156_11JULY-26JULY_Newberry/SLA01023.XLS"
"SDA","2020-07-19","Newberry House","NwbH","/Users/giojacuzzi/Desktop/PHI Project Data/SDA/Whidbey Island Comm Noise_Data/SLM Data/Newberry House/488156_11JULY-26JULY_Newberry/SLA01024.XLS"
"SDA","2020-07-19","Newberry House","NwbH","/Users/giojacuzzi/Desktop/PHI Project Data/SDA/Whidbey Island Comm Noise_Data/SLM Data/Newberry House/488156_11JULY-26JULY_Newberry/SLA01025.XLS"
"SDA","2020-07-20","Newberry House","NwbH","/Users/giojacuzzi/Desktop/PHI Project Data/SDA/Whidbey Island Comm Noise_Data/SLM Data/Newberry House/488156_11JULY-26JULY_Newberry/SLA01025.XLS"
"SDA","2020-07-20","Newberry House","NwbH","/Users/giojacuzzi/Desktop/PHI Project Data/SDA/Whidbey Island Comm Noise_Data/SLM Data/Newberry House/488156_11JULY-26JULY_Newberry/SLA01026.XLS"
"SDA","2020-07-20","Newberry House","NwbH","/Users/giojacuzzi/Desktop/PHI Project Data/SDA/Whidbey Island Comm Noise_Data/SLM Data/Newberry House/488156_11JULY-26JULY_Newberry/SLA01027.XLS"
"SDA","2020-07-20","Newberry House","NwbH","/Users/giojacuzzi/Desktop/PHI Project Data/SDA/Whidbey Island Comm Noise_Data/SLM Data/Newberry House/488156_11JULY-26JULY_Newberry/SLA01028.XLS"
"SDA","2020-07-21","Newberry House","NwbH","/Users/giojacuzzi/Desktop/PHI Project Data/SDA/Whidbey Island Comm Noise_Data/SLM Data/Newberry House/488156_11JULY-26JULY_Newberry/SLA01028.XLS"
"SDA","2020-07-21","Newberry House","NwbH","/Users/giojacuzzi/Desktop/PHI Project Data/SDA/Whidbey Island Comm Noise_Data/SLM Data/Newberry House/488156_11JULY-26JULY_Newberry/SLA01029.XLS"
"SDA","2020-07-21","Newberry House","NwbH","/Users/giojacuzzi/Desktop/PHI Project Data/SDA/Whidbey Island Comm Noise_Data/SLM Data/Newberry House/488156_11JULY-26JULY_Newberry/SLA01030.XLS"
"SDA","2020-07-21","Newberry House","NwbH","/Users/giojacuzzi/Desktop/PHI Project Data/SDA/Whidbey Island Comm Noise_Data/SLM Data/Newberry House/488156_11JULY-26JULY_Newberry/SLA01031.XLS"
"SDA","2020-07-22","Newberry House","NwbH","/Users/giojacuzzi/Desktop/PHI Project Data/SDA/Whidbey Island Comm Noise_Data/SLM Data/Newberry House/488156_11JULY-26JULY_Newberry/SLA01031.XLS"
"SDA","2020-07-22","Newberry House","NwbH","/Users/giojacuzzi/Desktop/PHI Project Data/SDA/Whidbey Island Comm Noise_Data/SLM Data/Newberry House/488156_11JULY-26JULY_Newberry/SLA01032.XLS"
"SDA","2020-07-22","Newberry House","NwbH","/Users/giojacuzzi/Desktop/PHI Project Data/SDA/Whidbey Island Comm Noise_Data/SLM Data/Newberry House/488156_11JULY-26JULY_Newberry/SLA01033.XLS"
"SDA","2020-07-23","Newberry House","NwbH","/Users/giojacuzzi/Desktop/PHI Project Data/SDA/Whidbey Island Comm Noise_Data/SLM Data/Newberry House/488156_11JULY-26JULY_Newberry/SLA01033.XLS"
"SDA","2020-07-23","Newberry House","NwbH","/Users/giojacuzzi/Desktop/PHI Project Data/SDA/Whidbey Island Comm Noise_Data/SLM Data/Newberry House/488156_11JULY-26JULY_Newberry/SLA01034.XLS"
"SDA","2020-07-23","Newberry House","NwbH","/Users/giojacuzzi/Desktop/PHI Project Data/SDA/Whidbey Island Comm Noise_Data/SLM Data/Newberry House/488156_11JULY-26JULY_Newberry/SLA01035.XLS"
"SDA","2020-07-23","Newberry House","NwbH","/Users/giojacuzzi/Desktop/PHI Project Data/SDA/Whidbey Island Comm Noise_Data/SLM Data/Newberry House/488156_11JULY-26JULY_Newberry/SLA01036.XLS"
"SDA","2020-07-24","Newberry House","NwbH","/Users/giojacuzzi/Desktop/PHI Project Data/SDA/Whidbey Island Comm Noise_Data/SLM Data/Newberry House/488156_11JULY-26JULY_Newberry/SLA01036.XLS"
"SDA","2020-07-24","Newberry House","NwbH","/Users/giojacuzzi/Desktop/PHI Project Data/SDA/Whidbey Island Comm Noise_Data/SLM Data/Newberry House/488156_11JULY-26JULY_Newberry/SLA01037.XLS"
"SDA","2020-07-24","Newberry House","NwbH","/Users/giojacuzzi/Desktop/PHI Project Data/SDA/Whidbey Island Comm Noise_Data/SLM Data/Newberry House/488156_11JULY-26JULY_Newberry/SLA01038.XLS"
"SDA","2020-07-24","Newberry House","NwbH","/Users/giojacuzzi/Desktop/PHI Project Data/SDA/Whidbey Island Comm Noise_Data/SLM Data/Newberry House/488156_11JULY-26JULY_Newberry/SLA01039.XLS"
"SDA","2020-07-25","Newberry House","NwbH","/Users/giojacuzzi/Desktop/PHI Project Data/SDA/Whidbey Island Comm Noise_Data/SLM Data/Newberry House/488156_11JULY-26JULY_Newberry/SLA01039.XLS"
"SDA","2020-07-25","Newberry House","NwbH","/Users/giojacuzzi/Desktop/PHI Project Data/SDA/Whidbey Island Comm Noise_Data/SLM Data/Newberry House/488156_11JULY-26JULY_Newberry/SLA01040.XLS"
"SDA","2020-07-25","Newberry House","NwbH","/Users/giojacuzzi/Desktop/PHI Project Data/SDA/Whidbey Island Comm Noise_Data/SLM Data/Newberry House/488156_11JULY-26JULY_Newberry/SLA01041.XLS"
"SDA","2020-07-25","Newberry House","NwbH","/Users/giojacuzzi/Desktop/PHI Project Data/SDA/Whidbey Island Comm Noise_Data/SLM Data/Newberry House/488156_11JULY-26JULY_Newberry/SLA01042.XLS"
"SDA","2020-07-26","Newberry House","NwbH","/Users/giojacuzzi/Desktop/PHI Project Data/SDA/Whidbey Island Comm Noise_Data/SLM Data/Newberry House/488156_11JULY-26JULY_Newberry/SLA01042.XLS"
"SDA","2020-07-26","Newberry House","NwbH","/Users/giojacuzzi/Desktop/PHI Project Data/SDA/Whidbey Island Comm Noise_Data/SLM Data/Newberry House/488156_11JULY-26JULY_Newberry/SLA01043.XLS"
"SDA","2020-07-06","Race Road","RcRd","/Users/giojacuzzi/Desktop/PHI Project Data/SDA/Whidbey Island Comm Noise_Data/SLM Data/Race Road/499665_06JULY-26JULY/SLA01001.XLS"
"SDA","2020-07-06","Race Road","RcRd","/Users/giojacuzzi/Desktop/PHI Project Data/SDA/Whidbey Island Comm Noise_Data/SLM Data/Race Road/499665_06JULY-26JULY/SLA01002.XLS"
"SDA","2020-07-07","Race Road","RcRd","/Users/giojacuzzi/Desktop/PHI Project Data/SDA/Whidbey Island Comm Noise_Data/SLM Data/Race Road/499665_06JULY-26JULY/SLA01002.XLS"
"SDA","2020-07-07","Race Road","RcRd","/Users/giojacuzzi/Desktop/PHI Project Data/SDA/Whidbey Island Comm Noise_Data/SLM Data/Race Road/499665_06JULY-26JULY/SLA01003.XLS"
"SDA","2020-07-07","Race Road","RcRd","/Users/giojacuzzi/Desktop/PHI Project Data/SDA/Whidbey Island Comm Noise_Data/SLM Data/Race Road/499665_06JULY-26JULY/SLA01004.XLS"
"SDA","2020-07-07","Race Road","RcRd","/Users/giojacuzzi/Desktop/PHI Project Data/SDA/Whidbey Island Comm Noise_Data/SLM Data/Race Road/499665_06JULY-26JULY/SLA01005.XLS"
"SDA","2020-07-08","Race Road","RcRd","/Users/giojacuzzi/Desktop/PHI Project Data/SDA/Whidbey Island Comm Noise_Data/SLM Data/Race Road/499665_06JULY-26JULY/SLA01005.XLS"
"SDA","2020-07-08","Race Road","RcRd","/Users/giojacuzzi/Desktop/PHI Project Data/SDA/Whidbey Island Comm Noise_Data/SLM Data/Race Road/499665_06JULY-26JULY/SLA01006.XLS"
"SDA","2020-07-08","Race Road","RcRd","/Users/giojacuzzi/Desktop/PHI Project Data/SDA/Whidbey Island Comm Noise_Data/SLM Data/Race Road/499665_06JULY-26JULY/SLA01007.XLS"
"SDA","2020-07-09","Race Road","RcRd","/Users/giojacuzzi/Desktop/PHI Project Data/SDA/Whidbey Island Comm Noise_Data/SLM Data/Race Road/499665_06JULY-26JULY/SLA01007.XLS"
"SDA","2020-07-09","Race Road","RcRd","/Users/giojacuzzi/Desktop/PHI Project Data/SDA/Whidbey Island Comm Noise_Data/SLM Data/Race Road/499665_06JULY-26JULY/SLA01008.XLS"
"SDA","2020-07-09","Race Road","RcRd","/Users/giojacuzzi/Desktop/PHI Project Data/SDA/Whidbey Island Comm Noise_Data/SLM Data/Race Road/499665_06JULY-26JULY/SLA01009.XLS"
"SDA","2020-07-09","Race Road","RcRd","/Users/giojacuzzi/Desktop/PHI Project Data/SDA/Whidbey Island Comm Noise_Data/SLM Data/Race Road/499665_06JULY-26JULY/SLA01010.XLS"
"SDA","2020-07-10","Race Road","RcRd","/Users/giojacuzzi/Desktop/PHI Project Data/SDA/Whidbey Island Comm Noise_Data/SLM Data/Race Road/499665_06JULY-26JULY/SLA01010.XLS"
"SDA","2020-07-10","Race Road","RcRd","/Users/giojacuzzi/Desktop/PHI Project Data/SDA/Whidbey Island Comm Noise_Data/SLM Data/Race Road/499665_06JULY-26JULY/SLA01011.XLS"
"SDA","2020-07-10","Race Road","RcRd","/Users/giojacuzzi/Desktop/PHI Project Data/SDA/Whidbey Island Comm Noise_Data/SLM Data/Race Road/499665_06JULY-26JULY/SLA01012.XLS"
"SDA","2020-07-10","Race Road","RcRd","/Users/giojacuzzi/Desktop/PHI Project Data/SDA/Whidbey Island Comm Noise_Data/SLM Data/Race Road/499665_06JULY-26JULY/SLA01013.XLS"
"SDA","2020-07-11","Race Road","RcRd","/Users/giojacuzzi/Desktop/PHI Project Data/SDA/Whidbey Island Comm Noise_Data/SLM Data/Race Road/499665_06JULY-26JULY/SLA01013.XLS"
"SDA","2020-07-11","Race Road","RcRd","/Users/giojacuzzi/Desktop/PHI Project Data/SDA/Whidbey Island Comm Noise_Data/SLM Data/Race Road/499665_06JULY-26JULY/SLA01014.XLS"
"SDA","2020-07-11","Race Road","RcRd","/Users/giojacuzzi/Desktop/PHI Project Data/SDA/Whidbey Island Comm Noise_Data/SLM Data/Race Road/499665_06JULY-26JULY/SLA01015.XLS"
"SDA","2020-07-11","Race Road","RcRd","/Users/giojacuzzi/Desktop/PHI Project Data/SDA/Whidbey Island Comm Noise_Data/SLM Data/Race Road/499665_06JULY-26JULY/SLA01016.XLS"
"SDA","2020-07-12","Race Road","RcRd","/Users/giojacuzzi/Desktop/PHI Project Data/SDA/Whidbey Island Comm Noise_Data/SLM Data/Race Road/499665_06JULY-26JULY/SLA01016.XLS"
"SDA","2020-07-12","Race Road","RcRd","/Users/giojacuzzi/Desktop/PHI Project Data/SDA/Whidbey Island Comm Noise_Data/SLM Data/Race Road/499665_06JULY-26JULY/SLA01017.XLS"
"SDA","2020-07-12","Race Road","RcRd","/Users/giojacuzzi/Desktop/PHI Project Data/SDA/Whidbey Island Comm Noise_Data/SLM Data/Race Road/499665_06JULY-26JULY/SLA01018.XLS"
"SDA","2020-07-12","Race Road","RcRd","/Users/giojacuzzi/Desktop/PHI Project Data/SDA/Whidbey Island Comm Noise_Data/SLM Data/Race Road/499665_06JULY-26JULY/SLA01019.XLS"
"SDA","2020-07-13","Race Road","RcRd","/Users/giojacuzzi/Desktop/PHI Project Data/SDA/Whidbey Island Comm Noise_Data/SLM Data/Race Road/499665_06JULY-26JULY/SLA01019.XLS"
"SDA","2020-07-13","Race Road","RcRd","/Users/giojacuzzi/Desktop/PHI Project Data/SDA/Whidbey Island Comm Noise_Data/SLM Data/Race Road/499665_06JULY-26JULY/SLA01020.XLS"
"SDA","2020-07-13","Race Road","RcRd","/Users/giojacuzzi/Desktop/PHI Project Data/SDA/Whidbey Island Comm Noise_Data/SLM Data/Race Road/499665_06JULY-26JULY/SLA01021.XLS"
"SDA","2020-07-13","Race Road","RcRd","/Users/giojacuzzi/Desktop/PHI Project Data/SDA/Whidbey Island Comm Noise_Data/SLM Data/Race Road/499665_06JULY-26JULY/SLA01022.XLS"
"SDA","2020-07-14","Race Road","RcRd","/Users/giojacuzzi/Desktop/PHI Project Data/SDA/Whidbey Island Comm Noise_Data/SLM Data/Race Road/499665_06JULY-26JULY/SLA01022.XLS"
"SDA","2020-07-14","Race Road","RcRd","/Users/giojacuzzi/Desktop/PHI Project Data/SDA/Whidbey Island Comm Noise_Data/SLM Data/Race Road/499665_06JULY-26JULY/SLA01023.XLS"
"SDA","2020-07-14","Race Road","RcRd","/Users/giojacuzzi/Desktop/PHI Project Data/SDA/Whidbey Island Comm Noise_Data/SLM Data/Race Road/499665_06JULY-26JULY/SLA01024.XLS"
"SDA","2020-07-14","Race Road","RcRd","/Users/giojacuzzi/Desktop/PHI Project Data/SDA/Whidbey Island Comm Noise_Data/SLM Data/Race Road/499665_06JULY-26JULY/SLA01025.XLS"
"SDA","2020-07-15","Race Road","RcRd","/Users/giojacuzzi/Desktop/PHI Project Data/SDA/Whidbey Island Comm Noise_Data/SLM Data/Race Road/499665_06JULY-26JULY/SLA01025.XLS"
"SDA","2020-07-15","Race Road","RcRd","/Users/giojacuzzi/Desktop/PHI Project Data/SDA/Whidbey Island Comm Noise_Data/SLM Data/Race Road/499665_06JULY-26JULY/SLA01026.XLS"
"SDA","2020-07-15","Race Road","RcRd","/Users/giojacuzzi/Desktop/PHI Project Data/SDA/Whidbey Island Comm Noise_Data/SLM Data/Race Road/499665_06JULY-26JULY/SLA01027.XLS"
"SDA","2020-07-15","Race Road","RcRd","/Users/giojacuzzi/Desktop/PHI Project Data/SDA/Whidbey Island Comm Noise_Data/SLM Data/Race Road/499665_06JULY-26JULY/SLA01028.XLS"
"SDA","2020-07-16","Race Road","RcRd","/Users/giojacuzzi/Desktop/PHI Project Data/SDA/Whidbey Island Comm Noise_Data/SLM Data/Race Road/499665_06JULY-26JULY/SLA01028.XLS"
"SDA","2020-07-16","Race Road","RcRd","/Users/giojacuzzi/Desktop/PHI Project Data/SDA/Whidbey Island Comm Noise_Data/SLM Data/Race Road/499665_06JULY-26JULY/SLA01029.XLS"
"SDA","2020-07-16","Race Road","RcRd","/Users/giojacuzzi/Desktop/PHI Project Data/SDA/Whidbey Island Comm Noise_Data/SLM Data/Race Road/499665_06JULY-26JULY/SLA01030.XLS"
"SDA","2020-07-16","Race Road","RcRd","/Users/giojacuzzi/Desktop/PHI Project Data/SDA/Whidbey Island Comm Noise_Data/SLM Data/Race Road/499665_06JULY-26JULY/SLA01031.XLS"
"SDA","2020-07-17","Race Road","RcRd","/Users/giojacuzzi/Desktop/PHI Project Data/SDA/Whidbey Island Comm Noise_Data/SLM Data/Race Road/499665_06JULY-26JULY/SLA01031.XLS"
"SDA","2020-07-17","Race Road","RcRd","/Users/giojacuzzi/Desktop/PHI Project Data/SDA/Whidbey Island Comm Noise_Data/SLM Data/Race Road/499665_06JULY-26JULY/SLA01032.XLS"
"SDA","2020-07-17","Race Road","RcRd","/Users/giojacuzzi/Desktop/PHI Project Data/SDA/Whidbey Island Comm Noise_Data/SLM Data/Race Road/499665_06JULY-26JULY/SLA01033.XLS"
"SDA","2020-07-18","Race Road","RcRd","/Users/giojacuzzi/Desktop/PHI Project Data/SDA/Whidbey Island Comm Noise_Data/SLM Data/Race Road/499665_06JULY-26JULY/SLA01033.XLS"
"SDA","2020-07-18","Race Road","RcRd","/Users/giojacuzzi/Desktop/PHI Project Data/SDA/Whidbey Island Comm Noise_Data/SLM Data/Race Road/499665_06JULY-26JULY/SLA01034.XLS"
"SDA","2020-07-18","Race Road","RcRd","/Users/giojacuzzi/Desktop/PHI Project Data/SDA/Whidbey Island Comm Noise_Data/SLM Data/Race Road/499665_06JULY-26JULY/SLA01035.XLS"
"SDA","2020-07-18","Race Road","RcRd","/Users/giojacuzzi/Desktop/PHI Project Data/SDA/Whidbey Island Comm Noise_Data/SLM Data/Race Road/499665_06JULY-26JULY/SLA01036.XLS"
"SDA","2020-07-19","Race Road","RcRd","/Users/giojacuzzi/Desktop/PHI Project Data/SDA/Whidbey Island Comm Noise_Data/SLM Data/Race Road/499665_06JULY-26JULY/SLA01036.XLS"
"SDA","2020-07-19","Race Road","RcRd","/Users/giojacuzzi/Desktop/PHI Project Data/SDA/Whidbey Island Comm Noise_Data/SLM Data/Race Road/499665_06JULY-26JULY/SLA01037.XLS"
"SDA","2020-07-19","Race Road","RcRd","/Users/giojacuzzi/Desktop/PHI Project Data/SDA/Whidbey Island Comm Noise_Data/SLM Data/Race Road/499665_06JULY-26JULY/SLA01038.XLS"
"SDA","2020-07-19","Race Road","RcRd","/Users/giojacuzzi/Desktop/PHI Project Data/SDA/Whidbey Island Comm Noise_Data/SLM Data/Race Road/499665_06JULY-26JULY/SLA01039.XLS"
"SDA","2020-07-20","Race Road","RcRd","/Users/giojacuzzi/Desktop/PHI Project Data/SDA/Whidbey Island Comm Noise_Data/SLM Data/Race Road/499665_06JULY-26JULY/SLA01039.XLS"
"SDA","2020-07-20","Race Road","RcRd","/Users/giojacuzzi/Desktop/PHI Project Data/SDA/Whidbey Island Comm Noise_Data/SLM Data/Race Road/499665_06JULY-26JULY/SLA01040.XLS"
"SDA","2020-07-20","Race Road","RcRd","/Users/giojacuzzi/Desktop/PHI Project Data/SDA/Whidbey Island Comm Noise_Data/SLM Data/Race Road/499665_06JULY-26JULY/SLA01041.XLS"
"SDA","2020-07-20","Race Road","RcRd","/Users/giojacuzzi/Desktop/PHI Project Data/SDA/Whidbey Island Comm Noise_Data/SLM Data/Race Road/499665_06JULY-26JULY/SLA01042.XLS"
"SDA","2020-07-21","Race Road","RcRd","/Users/giojacuzzi/Desktop/PHI Project Data/SDA/Whidbey Island Comm Noise_Data/SLM Data/Race Road/499665_06JULY-26JULY/SLA01042.XLS"
"SDA","2020-07-21","Race Road","RcRd","/Users/giojacuzzi/Desktop/PHI Project Data/SDA/Whidbey Island Comm Noise_Data/SLM Data/Race Road/499665_06JULY-26JULY/SLA01043.XLS"
"SDA","2020-07-21","Race Road","RcRd","/Users/giojacuzzi/Desktop/PHI Project Data/SDA/Whidbey Island Comm Noise_Data/SLM Data/Race Road/499665_06JULY-26JULY/SLA01044.XLS"
"SDA","2020-07-21","Race Road","RcRd","/Users/giojacuzzi/Desktop/PHI Project Data/SDA/Whidbey Island Comm Noise_Data/SLM Data/Race Road/499665_06JULY-26JULY/SLA01045.XLS"
"SDA","2020-07-22","Race Road","RcRd","/Users/giojacuzzi/Desktop/PHI Project Data/SDA/Whidbey Island Comm Noise_Data/SLM Data/Race Road/499665_06JULY-26JULY/SLA01045.XLS"
"SDA","2020-07-22","Race Road","RcRd","/Users/giojacuzzi/Desktop/PHI Project Data/SDA/Whidbey Island Comm Noise_Data/SLM Data/Race Road/499665_06JULY-26JULY/SLA01046.XLS"
"SDA","2020-07-22","Race Road","RcRd","/Users/giojacuzzi/Desktop/PHI Project Data/SDA/Whidbey Island Comm Noise_Data/SLM Data/Race Road/499665_06JULY-26JULY/SLA01047.XLS"
"SDA","2020-07-22","Race Road","RcRd","/Users/giojacuzzi/Desktop/PHI Project Data/SDA/Whidbey Island Comm Noise_Data/SLM Data/Race Road/499665_06JULY-26JULY/SLA01048.XLS"
"SDA","2020-07-23","Race Road","RcRd","/Users/giojacuzzi/Desktop/PHI Project Data/SDA/Whidbey Island Comm Noise_Data/SLM Data/Race Road/499665_06JULY-26JULY/SLA01048.XLS"
"SDA","2020-07-23","Race Road","RcRd","/Users/giojacuzzi/Desktop/PHI Project Data/SDA/Whidbey Island Comm Noise_Data/SLM Data/Race Road/499665_06JULY-26JULY/SLA01049.XLS"
"SDA","2020-07-23","Race Road","RcRd","/Users/giojacuzzi/Desktop/PHI Project Data/SDA/Whidbey Island Comm Noise_Data/SLM Data/Race Road/499665_06JULY-26JULY/SLA01050.XLS"
"SDA","2020-07-23","Race Road","RcRd","/Users/giojacuzzi/Desktop/PHI Project Data/SDA/Whidbey Island Comm Noise_Data/SLM Data/Race Road/499665_06JULY-26JULY/SLA01051.XLS"
"SDA","2020-07-24","Race Road","RcRd","/Users/giojacuzzi/Desktop/PHI Project Data/SDA/Whidbey Island Comm Noise_Data/SLM Data/Race Road/499665_06JULY-26JULY/SLA01051.XLS"
"SDA","2020-07-24","Race Road","RcRd","/Users/giojacuzzi/Desktop/PHI Project Data/SDA/Whidbey Island Comm Noise_Data/SLM Data/Race Road/499665_06JULY-26JULY/SLA01052.XLS"
"SDA","2020-07-24","Race Road","RcRd","/Users/giojacuzzi/Desktop/PHI Project Data/SDA/Whidbey Island Comm Noise_Data/SLM Data/Race Road/499665_06JULY-26JULY/SLA01053.XLS"
"SDA","2020-07-24","Race Road","RcRd","/Users/giojacuzzi/Desktop/PHI Project Data/SDA/Whidbey Island Comm Noise_Data/SLM Data/Race Road/499665_06JULY-26JULY/SLA01054.XLS"
"SDA","2020-07-25","Race Road","RcRd","/Users/giojacuzzi/Desktop/PHI Project Data/SDA/Whidbey Island Comm Noise_Data/SLM Data/Race Road/499665_06JULY-26JULY/SLA01054.XLS"
"SDA","2020-07-25","Race Road","RcRd","/Users/giojacuzzi/Desktop/PHI Project Data/SDA/Whidbey Island Comm Noise_Data/SLM Data/Race Road/499665_06JULY-26JULY/SLA01055.XLS"
"SDA","2020-07-25","Race Road","RcRd","/Users/giojacuzzi/Desktop/PHI Project Data/SDA/Whidbey Island Comm Noise_Data/SLM Data/Race Road/499665_06JULY-26JULY/SLA01056.XLS"
"SDA","2020-07-26","Race Road","RcRd","/Users/giojacuzzi/Desktop/PHI Project Data/SDA/Whidbey Island Comm Noise_Data/SLM Data/Race Road/499665_06JULY-26JULY/SLA01056.XLS"
"SDA","2020-07-26","Race Road","RcRd","/Users/giojacuzzi/Desktop/PHI Project Data/SDA/Whidbey Island Comm Noise_Data/SLM Data/Race Road/499665_06JULY-26JULY/SLA01057.XLS"
"SDA","2020-07-26","Race Road","RcRd","/Users/giojacuzzi/Desktop/PHI Project Data/SDA/Whidbey Island Comm Noise_Data/SLM Data/Race Road/499665_06JULY-26JULY/SLA01058.XLS"
